53|0|1|10|10|0|0|0|0|0|7|6|0|0|0|;5;-0.610505
53|0|1|10|10|0|0|0|0|0|7|6|0|0|0|;7;9.9
53|0|1|10|10|0|0|0|0|0|7|6|0|1|0|;4;-0.219
53|0|1|10|10|0|0|0|0|5|8|6|0|1|0|;5;-0.2
53|0|1|10|10|0|0|0|0|5|8|6|0|1|0|;6;-0.4161
53|0|1|10|10|0|0|0|0|6|7|6|0|1|0|;8;-0.2
53|0|1|10|10|0|0|0|0|8|7|6|0|1|0|;5;-0.2
53|0|1|10|10|0|0|0|0|8|7|6|0|1|0|;7;9.9
53|0|1|10|10|0|0|0|0|8|8|6|0|1|0|;5;-0.2
53|0|1|10|10|0|0|0|0|8|8|6|0|1|0|;7;-0.219
53|0|1|10|10|0|1|4|0|0|7|6|0|0|0|;8;-0.2
53|0|1|10|10|0|1|5|0|0|8|6|0|0|0|;4;-0.2
53|0|1|10|10|0|1|5|0|0|8|6|0|0|0|;5;-0.38
53|0|1|10|10|0|1|5|0|0|8|6|0|0|0|;6;-0.219
53|0|1|10|10|0|1|5|0|0|8|6|0|0|0|;16;-0.399
53|0|1|10|10|0|1|5|0|0|8|6|0|0|0|;17;-0.2
53|0|1|10|10|0|1|5|0|0|8|6|0|1|0|;5;-0.2
53|0|1|10|10|0|1|5|0|0|8|6|0|1|0|;6;-0.2
53|0|1|10|10|0|1|5|0|0|8|6|0|1|0|;7;-0.2
53|0|1|10|10|0|1|5|0|0|8|6|0|1|0|;15;9.9
53|0|1|10|10|0|1|5|0|0|8|6|0|1|0|;16;-0.2
53|0|1|10|10|0|1|5|0|0|8|6|0|1|0|;17;-0.2
53|0|1|10|10|0|1|6|0|0|7|6|0|0|0|;4;-0.2
53|0|1|10|10|0|1|6|0|0|7|6|0|0|0|;5;-0.2
53|0|1|10|10|0|1|6|0|0|7|6|0|0|0|;8;-0.2
53|0|1|10|10|0|1|6|0|0|7|6|0|0|0|;15;9.9
53|0|1|10|10|0|1|6|0|0|7|6|0|0|0|;16;-0.399
53|0|1|10|10|0|1|6|0|0|7|6|0|1|0|;8;-0.2
53|0|1|10|10|0|1|8|0|0|7|6|0|1|0|;6;-0.2
53|0|1|10|10|0|1|8|0|0|8|6|0|0|0|;5;-0.2
53|0|1|10|10|0|1|8|0|0|8|6|0|0|0|;7;-0.2
53|0|1|10|10|0|1|8|0|0|8|6|0|1|0|;4;-0.2
53|0|1|10|10|0|1|8|0|0|8|6|0|1|0|;5;-0.2
53|0|1|10|10|0|1|8|0|0|8|6|0|1|0|;6;-0.2
53|0|1|10|10|0|1|8|0|0|8|6|0|1|0|;7;-0.2
53|0|1|10|10|0|1|8|0|0|8|6|0|1|0|;15;18.81
53|0|1|10|16|2|1|1|0|7|8|6|0|0|0|;3;-0.2
53|0|1|10|16|2|1|3|0|7|8|6|0|1|0|;1;-0.2
53|0|1|10|16|2|1|6|0|0|8|6|0|1|0|;3;-0.2
53|0|1|10|16|2|1|6|0|0|8|6|0|1|0|;5;-0.2
53|0|1|10|16|2|1|6|0|0|8|6|0|1|0|;6;-0.2
53|0|1|10|16|2|1|7|0|7|8|6|0|1|0|;3;-0.2
53|0|1|11|11|4|0|0|0|3|8|6|0|1|0|;16;-0.2
53|0|1|11|11|4|1|4|0|7|8|6|0|0|0|;2;-0.2
53|0|1|11|11|4|2|3|0|7|8|6|0|0|0|;1;-0.2
53|0|1|11|11|4|2|3|0|7|8|6|0|0|0|;5;-0.2
53|0|1|11|11|4|2|3|0|7|8|6|0|0|0|;15;9.9
53|0|1|11|11|4|2|7|0|7|8|6|0|0|0|;4;-0.2
53|0|1|11|16|2|0|0|0|0|8|6|0|1|0|;4;-0.2
53|0|1|11|16|2|0|0|0|5|8|6|0|1|0|;8;9.9
53|0|1|11|16|2|1|1|0|7|8|6|0|1|0|;6;-0.2
53|0|1|11|16|2|1|3|0|7|8|6|0|1|0|;6;-0.2
53|0|1|11|16|2|1|4|0|5|8|6|0|1|0|;4;-0.542
53|0|1|11|16|2|1|4|0|5|8|6|0|1|0|;5;-0.2
53|0|1|11|16|2|1|4|0|5|8|6|0|1|0|;6;-0.542
53|0|1|11|16|2|1|6|0|0|8|6|0|1|0|;7;-0.2
53|0|1|11|16|2|1|6|0|4|8|6|0|1|0|;9;0.9
53|0|1|11|16|2|1|6|0|7|8|6|0|1|0|;3;-0.38
53|0|1|11|16|2|1|6|0|7|8|6|0|1|0|;6;-0.2
53|0|1|11|16|2|2|3|0|7|8|6|0|1|0|;1;-0.2
53|0|1|11|16|2|2|7|0|7|8|6|0|1|0|;7;-0.2
53|0|1|11|9|4|0|0|0|1|8|6|0|1|0|;5;-0.2
53|0|1|11|9|4|0|0|0|3|8|6|0|1|0|;2;-0.2
53|0|1|11|9|4|1|4|0|7|8|6|0|0|0|;2;-0.2
53|0|1|11|9|4|1|4|0|7|8|6|0|0|0|;5;-0.2
53|0|1|11|9|4|1|7|0|7|8|6|0|0|0|;4;-0.38
53|0|1|12|16|2|0|0|0|3|8|6|0|0|0|;2;-0.2
53|0|1|12|16|2|0|0|0|3|8|6|0|0|0|;8;9.9
53|0|1|12|16|2|0|0|0|7|8|6|0|1|0|;2;-0.2
53|0|1|12|16|2|1|6|0|3|8|6|0|0|0|;4;-0.2
53|0|1|12|16|2|1|6|0|3|8|6|0|0|0|;7;-0.2
53|0|1|13|16|2|0|0|0|6|7|6|0|1|0|;5;-0.219
53|0|1|13|16|2|0|0|0|6|7|6|0|1|0|;8;-0.2
53|0|1|13|16|2|0|0|0|7|8|6|0|0|0|;2;-0.2
53|0|1|13|16|2|0|0|0|7|8|6|0|0|0|;4;-0.2
53|0|1|13|16|2|0|0|0|7|8|6|0|0|0|;8;9.9
53|0|1|13|16|2|0|0|0|7|8|6|0|0|0|;9;0.9
53|0|1|13|16|2|1|5|0|0|8|6|0|1|0|;4;-0.81902
53|0|1|13|16|2|1|5|0|0|8|6|0|1|0|;5;-0.2
53|0|1|13|16|2|1|5|0|0|8|6|0|1|0|;6;-0.2
53|0|1|13|16|2|1|5|0|0|8|6|0|1|0|;7;-0.81902
53|0|1|13|16|2|1|6|0|0|7|6|0|1|0|;5;-0.2
53|0|1|13|16|2|1|6|0|0|7|6|0|1|0|;6;-0.2
53|0|1|13|16|2|2|3|0|3|8|6|0|1|0|;4;-0.2
53|0|1|13|16|2|2|7|0|3|8|6|0|1|0|;7;-0.2
53|0|1|13|16|2|2|7|0|7|8|6|0|0|0|;1;-0.38
53|0|1|1|10|0|0|0|0|4|8|6|0|0|0|;6;-0.2
53|0|1|1|10|0|0|0|0|4|8|6|0|0|0|;8;9.9
53|0|1|1|10|0|0|0|0|4|8|6|0|0|0|;17;-0.2
53|0|1|1|10|0|0|0|0|5|8|6|0|1|0|;5;-0.2
53|0|1|1|10|0|1|5|0|0|8|6|0|1|0|;7;-0.2
53|0|1|1|16|2|0|0|0|4|8|6|0|1|0|;2;-0.220805
53|0|1|1|16|2|0|0|0|4|8|6|0|1|0|;3;-0.399
53|0|1|1|16|2|1|4|0|6|8|6|0|1|0|;15;19.9
53|0|1|2|10|0|0|0|0|0|7|6|0|1|0|;5;-0.456918
53|0|1|2|10|0|0|0|0|0|7|6|0|1|0|;8;-0.402617
53|0|1|2|10|0|0|0|0|0|8|6|0|1|0|;4;-0.939842
53|0|1|2|10|0|0|0|0|0|8|6|0|1|0|;5;-1.05737
53|0|1|2|10|0|0|0|0|0|8|6|0|1|0|;7;-1.00713
53|0|1|2|10|0|0|0|0|0|8|6|0|1|0|;17;-0.79402
53|0|1|2|10|0|0|0|0|4|7|6|0|1|0|;6;-0.2
53|0|1|2|10|0|0|0|0|4|7|6|0|1|0|;8;-0.2
53|0|1|2|10|0|0|0|0|4|7|6|0|1|0|;17;-0.2
53|0|1|2|10|0|0|0|0|6|7|6|0|1|0|;6;-0.2
53|0|1|2|10|0|0|0|0|6|7|6|0|1|0|;17;-0.2
53|0|1|2|10|0|1|1|0|7|8|6|0|1|0|;3;-0.2
53|0|1|2|10|0|1|5|0|0|8|6|0|1|0|;4;-0.38
53|0|1|2|10|0|1|5|0|0|8|6|0|1|0|;7;-0.2
53|0|1|2|10|0|1|5|0|0|8|6|0|1|0|;16;-0.2
53|0|1|2|10|0|1|5|0|0|8|6|0|1|0|;17;-0.38
53|0|1|2|10|0|1|6|0|0|7|6|0|1|0|;8;-0.38
53|0|1|2|10|0|1|6|0|0|7|6|0|1|0|;17;-0.2
53|0|1|2|10|0|2|7|0|0|8|6|0|1|0|;6;-0.2
53|0|1|2|10|0|2|7|0|0|8|6|0|1|0|;16;-0.2
53|0|1|3|10|0|0|0|0|0|7|6|0|1|0|;4;-0.436382
53|0|1|3|10|0|0|0|0|0|7|6|0|1|0|;6;-0.535479
53|0|1|3|10|0|0|0|0|0|7|6|0|1|0|;17;-0.399
53|0|1|3|10|0|0|0|0|0|8|6|0|1|0|;5;-1.01968
53|0|1|3|10|0|0|0|0|0|8|6|0|1|0|;8;9.9
53|0|1|3|10|0|0|0|0|0|8|6|0|1|0|;16;-0.99005
53|0|1|3|10|0|0|0|0|0|8|6|0|1|0|;17;-0.99005
53|0|1|3|10|0|0|0|0|7|8|6|0|1|0|;2;-0.60205
53|0|1|3|10|0|0|0|0|7|8|6|0|1|0|;3;-0.237905
53|0|1|3|10|0|0|0|0|7|8|6|0|1|0|;4;-0.2
53|0|1|3|10|0|1|5|0|0|8|6|0|1|0|;6;-0.2
53|0|1|3|10|0|2|1|0|6|8|7|0|1|0|;4;-0.2
53|0|1|3|10|0|2|1|0|7|8|6|0|1|0|;6;-0.2
53|0|1|4|10|0|0|0|0|6|7|6|0|1|0|;4;-0.2
53|0|1|4|10|0|0|0|0|6|7|6|0|1|0|;5;-0.241342
53|0|1|4|10|0|0|0|0|7|8|6|0|1|0|;1;-0.219
53|0|1|4|10|0|0|0|0|7|8|6|0|1|0|;8;9.9
53|0|1|4|10|0|1|4|0|0|7|6|0|1|0|;6;-0.2
53|0|1|4|10|0|1|4|0|0|7|6|0|1|0|;15;9.9
53|0|1|4|10|0|2|1|0|7|8|6|0|1|0|;15;9.9
53|0|1|4|10|0|2|1|0|7|8|6|0|1|0|;16;-0.2
53|0|1|4|10|0|2|3|0|7|8|6|0|0|0|;2;-0.2
53|0|1|4|16|2|2|2|0|6|8|7|0|1|0|;3;-0.2
53|0|1|5|10|0|0|0|0|0|7|6|0|0|0|;7;9.9
53|0|1|5|10|0|0|0|0|0|7|6|0|1|0|;6;-0.2
53|0|1|5|10|0|0|0|0|0|7|6|0|1|0|;8;-0.435176
53|0|1|5|10|0|0|0|0|0|8|6|0|1|0|;5;-0.219
53|0|1|5|10|0|0|0|0|6|7|6|0|0|0|;4;-0.2
53|0|1|5|10|0|1|6|0|7|8|6|0|1|0|;3;-0.2
53|0|1|5|10|0|1|6|0|7|8|6|0|1|0|;6;-0.2
53|0|1|5|10|0|1|6|0|7|8|6|0|1|0|;16;-0.2
53|0|1|5|10|0|2|3|0|7|8|6|0|1|0|;1;-0.2
53|0|1|5|16|2|0|0|0|0|7|6|0|1|0|;4;-0.256707
53|0|1|5|16|2|0|0|0|0|7|6|0|1|0|;5;-0.854495
53|0|1|5|16|2|0|0|0|0|7|6|0|1|0|;8;-1.24293
53|0|1|5|16|2|0|0|0|0|8|6|0|1|0|;1;-0.400805
53|0|1|5|16|2|0|0|0|0|8|6|0|1|0|;7;-0.2
53|0|1|5|16|2|0|0|0|6|8|6|0|1|0|;4;-0.256382
53|0|1|5|16|2|0|0|0|6|8|6|0|1|0|;5;-0.400805
53|0|1|5|16|2|1|5|0|7|8|6|0|0|0|;4;-0.2
53|0|1|5|16|2|1|6|0|0|8|6|0|1|0|;7;-0.2
53|0|1|6|10|0|0|0|0|8|8|6|0|0|0|;4;-0.399
53|0|1|6|10|0|0|0|0|8|8|6|0|0|0|;6;-0.219
53|0|1|6|10|0|1|4|0|0|7|6|0|1|0|;5;-0.2
53|0|1|6|10|0|1|5|0|0|8|6|0|0|0|;6;-0.2
53|0|1|6|10|0|1|5|0|0|8|6|0|0|0|;15;9.9
53|0|1|6|10|0|1|5|0|0|8|6|0|0|0|;16;-0.2
53|0|1|6|10|0|1|5|0|0|8|6|0|1|0|;4;-0.2
53|0|1|6|10|0|1|5|0|0|8|6|0|1|0|;6;-0.2
53|0|1|6|10|0|1|6|0|0|7|6|0|1|0|;5;-0.2
53|0|1|6|10|0|1|6|0|0|7|6|0|1|0|;6;-0.2
53|0|1|6|16|2|1|6|0|7|8|6|0|1|0|;1;-0.2
53|0|1|7|10|0|0|0|0|5|8|6|0|1|0|;4;-0.959954
53|0|1|7|10|0|0|0|0|5|8|6|0|1|0|;6;-0.901718
53|0|1|7|10|0|0|0|0|5|8|6|0|1|0|;16;-0.597005
53|0|1|7|10|0|0|0|0|6|7|6|0|1|0|;7;9.9
53|0|1|7|10|0|1|5|0|0|8|6|0|1|0|;6;-0.38
53|0|1|7|10|0|1|5|0|0|8|6|0|1|0|;16;-0.2
53|0|1|7|10|0|1|6|0|0|7|6|0|1|0|;4;-0.542
53|0|1|7|10|0|1|6|0|0|7|6|0|1|0|;16;-0.2
53|0|1|7|10|0|2|7|0|7|8|6|0|1|0|;3;-0.2
53|0|1|8|10|0|0|0|0|0|7|6|0|1|0|;5;-0.2
53|0|1|8|10|0|0|0|0|0|7|6|0|1|0|;6;-0.219
53|0|1|8|10|0|0|0|0|0|7|6|0|1|0|;17;-0.2
53|0|1|8|10|0|0|0|0|4|7|6|0|0|0|;7;9.9
53|0|1|8|10|0|0|0|0|4|7|6|0|0|0|;17;-0.2
53|0|1|8|10|0|1|4|0|0|7|6|0|0|0|;15;19.9
53|0|1|8|10|0|1|5|0|0|8|6|0|0|0|;15;9.9
53|0|1|8|10|0|1|5|0|0|8|6|0|0|0|;16;-0.2
53|0|1|8|10|0|1|5|0|0|8|6|0|0|0|;17;-0.2
53|0|1|8|10|0|1|5|0|0|8|6|0|1|0|;6;-0.2
53|0|1|8|10|0|1|8|0|0|8|6|0|0|0|;7;-0.2
53|0|1|8|10|0|1|8|0|0|8|6|0|0|0|;17;-0.2
53|0|1|8|10|0|2|7|0|7|8|6|0|0|0|;2;-0.2
53|0|1|8|16|2|1|1|0|7|8|6|0|0|0|;3;-0.2
53|0|1|8|16|2|1|3|0|0|8|6|0|0|0|;6;-1.22516
53|0|1|8|16|2|1|4|0|0|8|6|0|1|0|;1;-0.2
53|0|1|8|16|2|1|4|0|0|8|6|0|1|0|;2;-0.2
53|0|1|8|16|2|1|4|0|0|8|6|0|1|0|;4;-0.2
53|0|1|8|16|2|1|4|0|0|8|6|0|1|0|;6;-0.38
53|0|1|8|16|2|1|6|0|0|8|6|0|0|0|;2;-0.2
53|0|1|8|16|2|1|6|0|0|8|6|0|1|0|;1;-0.2
53|0|1|8|16|2|1|6|0|0|8|6|0|1|0|;4;-0.542
53|0|1|8|16|2|1|6|0|0|8|6|0|1|0|;5;-0.2
53|0|1|8|16|2|1|6|0|0|8|6|0|1|0|;7;-0.2
53|0|1|8|16|2|1|6|0|7|8|6|0|1|0|;4;-0.2
53|0|1|8|16|2|1|6|0|7|8|6|0|1|0|;5;-0.2
53|0|1|8|16|2|1|7|0|0|8|6|0|0|0|;4;-0.2
53|0|1|8|16|2|2|1|0|0|8|6|0|1|0|;7;-0.2
53|0|1|8|16|2|2|3|0|0|8|6|0|1|0|;3;-0.2
53|0|1|8|16|2|2|7|0|7|8|6|0|1|0|;6;-0.2
53|0|1|8|7|2|0|0|0|6|8|6|0|1|0|;2;-0.2
53|0|1|8|7|2|0|0|0|6|8|6|0|1|0|;5;-0.2
53|0|1|9|10|0|1|4|0|0|7|6|0|0|0|;16;-0.2
53|0|1|9|10|0|1|4|0|0|7|6|0|0|0|;17;-0.2
53|0|1|9|10|0|1|5|0|0|8|6|0|1|0|;4;-0.2
53|0|1|9|16|2|1|6|0|0|8|6|0|1|0|;2;-0.2
53|0|1|9|16|2|1|6|0|0|8|6|0|1|0|;5;-0.2
53|0|1|9|16|2|1|6|0|3|8|6|0|1|0|;2;-0.2
53|0|1|9|16|2|1|6|0|3|8|6|0|1|0|;6;-0.2
53|0|1|9|16|2|1|7|0|6|8|6|0|1|0|;4;-0.2
53|0|1|9|7|2|0|0|0|0|8|6|0|1|0|;4;-0.2
53|0|2|10|10|0|0|0|0|0|7|6|0|0|0|;6;-0.65745
53|0|2|10|10|0|0|0|0|0|7|6|0|0|0|;7;-0.400805
53|0|2|10|10|0|0|0|0|0|7|6|0|0|0|;16;-0.597005
53|0|2|10|10|0|0|0|0|0|7|6|0|0|0|;17;-0.597005
53|0|2|10|10|0|0|0|0|0|7|6|0|1|0|;4;-0.435176
53|0|2|10|10|0|0|0|0|0|8|4|0|1|0|;4;-0.603666
53|0|2|10|10|0|0|0|0|0|8|4|0|1|0|;5;-0.484347
53|0|2|10|10|0|0|0|0|0|8|4|0|1|0|;16;-0.581701
53|0|2|10|10|0|0|0|0|0|8|4|0|1|0|;17;-0.399
53|0|2|10|10|0|0|0|0|6|7|6|0|1|0|;6;-0.2
53|0|2|10|10|0|0|0|0|8|8|4|0|1|0|;4;-0.219
53|0|2|10|10|0|0|0|0|8|8|4|0|1|0|;5;-0.2
53|0|2|10|10|0|0|0|0|8|8|4|0|1|0|;8;-0.2
53|0|2|10|10|0|0|0|0|8|8|4|0|1|0|;17;-0.2
53|0|2|10|10|0|1|5|0|0|8|4|0|0|0|;4;-0.220805
53|0|2|10|10|0|1|5|0|0|8|4|0|0|0|;5;-0.38
53|0|2|10|10|0|1|5|0|0|8|4|0|0|0|;8;-0.2
53|0|2|10|10|0|1|5|0|0|8|4|0|0|0|;15;9.9
53|0|2|10|10|0|1|5|0|0|8|4|0|1|0|;4;-0.2
53|0|2|10|10|0|1|5|0|0|8|4|0|1|0|;5;-0.2
53|0|2|10|10|0|1|5|0|0|8|4|0|1|0|;8;-0.2
53|0|2|10|10|0|1|5|0|0|8|4|0|1|0|;16;-0.2
53|0|2|10|10|0|1|6|0|0|7|6|0|0|0|;4;-0.2
53|0|2|10|10|0|1|6|0|0|7|6|0|0|0|;7;-0.2
53|0|2|10|10|0|1|6|0|0|7|6|0|0|0|;16;-0.2
53|0|2|10|10|0|1|6|0|0|7|6|0|0|0|;17;-0.2
53|0|2|10|10|0|1|6|0|0|7|6|0|1|0|;4;-0.2
53|0|2|10|10|0|1|6|0|0|7|6|0|1|0|;6;-0.2
53|0|2|10|10|0|1|6|0|0|7|6|0|1|0|;16;-0.2
53|0|2|10|10|0|1|8|0|0|8|4|0|0|0|;5;-0.2
53|0|2|10|10|0|1|8|0|0|8|4|0|1|0|;5;-0.2
53|0|2|10|10|0|1|8|0|0|8|4|0|1|0|;8;-0.38
53|0|2|10|10|0|1|8|0|0|8|4|0|1|0|;15;9.9
53|0|2|10|16|2|1|3|0|7|8|4|0|1|0|;6;-0.2
53|0|2|10|16|2|1|3|0|7|8|4|0|1|0|;8;-0.2
53|0|2|10|16|2|1|4|0|0|8|4|0|1|0|;7;-0.2
53|0|2|10|16|2|2|1|0|7|8|4|0|0|0|;2;-0.2
53|0|2|11|11|4|0|0|0|3|8|4|0|1|0|;2;-0.2
53|0|2|11|11|4|1|6|0|7|8|4|0|1|0|;1;-0.2
53|0|2|11|11|4|2|7|0|7|8|4|0|0|0|;8;-0.2
53|0|2|11|16|2|0|0|0|0|7|6|0|1|0|;6;-0.614019
53|0|2|11|16|2|1|1|0|7|8|4|0|1|0|;4;-0.2
53|0|2|11|16|2|1|4|0|0|8|4|0|1|0|;6;-0.2
53|0|2|11|16|2|1|4|0|7|8|4|0|1|0|;3;-0.2
53|0|2|11|16|2|1|4|0|7|8|4|0|1|0|;8;-0.2
53|0|2|11|16|2|1|5|0|5|8|4|0|1|0|;4;-0.38
53|0|2|11|16|2|1|5|0|5|8|4|0|1|0|;5;-0.542
53|0|2|11|16|2|1|5|0|5|8|4|0|1|0|;8;-0.2
53|0|2|11|16|2|1|6|0|0|8|4|0|1|0|;6;-0.2
53|0|2|11|16|2|1|6|0|7|8|4|0|1|0|;2;-0.2
53|0|2|11|16|2|2|1|0|0|8|4|0|1|0|;3;-0.2
53|0|2|11|16|2|2|1|0|7|8|4|0|1|0|;3;-0.38
53|0|2|11|16|2|2|7|0|1|8|4|0|1|0|;3;-0.2
53|0|2|11|16|2|2|7|0|7|8|4|0|1|0|;3;-0.2
53|0|2|11|16|2|2|7|0|7|8|4|0|1|0|;15;9.9
53|0|2|12|16|2|0|0|0|1|8|4|0|0|0|;8;-0.399
53|0|2|12|16|2|1|3|0|7|8|4|0|1|0|;3;-0.2
53|0|2|12|16|2|1|4|0|1|8|4|0|0|0|;6;-0.2
53|0|2|13|16|2|0|0|0|6|7|6|0|1|0|;4;-0.2231
53|0|2|13|16|2|0|0|0|6|7|6|0|1|0|;6;-0.219
53|0|2|13|16|2|0|0|0|7|8|4|0|0|0|;3;-0.597193
53|0|2|13|16|2|0|0|0|7|8|4|0|0|0|;6;-0.597245
53|0|2|13|16|2|1|5|0|0|8|4|0|1|0|;4;-0.2
53|0|2|13|16|2|1|5|0|0|8|4|0|1|0|;5;-0.6878
53|0|2|13|16|2|1|5|0|0|8|4|0|1|0|;8;-0.38
53|0|2|13|16|2|1|5|0|5|8|4|0|1|0|;4;-0.2
53|0|2|13|16|2|1|5|0|5|8|4|0|1|0|;5;-0.542
53|0|2|13|16|2|1|6|0|0|7|6|0|1|0|;4;-0.2
53|0|2|13|16|2|1|6|0|0|7|6|0|1|0|;7;-0.2
53|0|2|13|16|2|1|8|0|5|8|4|0|1|0|;4;-0.2
53|0|2|13|16|2|2|3|0|1|8|4|0|1|0|;8;-0.2
53|0|2|13|16|2|2|4|0|7|8|4|0|0|0|;3;-0.2
53|0|2|13|16|2|2|8|0|6|8|4|0|1|0|;3;-0.2
53|0|2|1|10|0|0|0|0|5|8|4|0|0|0|;8;-0.219
53|0|2|1|10|0|0|0|0|5|8|4|0|0|0|;16;-0.2
53|0|2|1|10|0|0|0|0|5|8|4|0|1|0|;8;-0.2
53|0|2|1|10|0|1|5|0|0|8|4|0|1|0|;5;-0.2
53|0|2|1|10|0|1|5|0|0|8|4|0|1|0|;15;19.9
53|0|2|1|10|0|1|5|0|0|8|4|0|1|0|;16;-0.2
53|0|2|1|10|0|2|8|0|7|8|4|0|1|0|;1;-0.2
53|0|2|1|16|2|1|4|0|6|8|4|0|1|0|;3;-0.2
53|0|2|1|16|2|1|4|0|6|8|4|0|1|0|;6;-0.38
53|0|2|1|16|2|1|4|0|6|8|4|0|1|0|;7;-0.2
53|0|2|2|10|0|1|2|0|7|8|4|0|1|0|;8;-0.2
53|0|2|2|10|0|1|7|0|7|8|4|0|0|0|;3;-0.2
53|0|2|2|10|0|1|8|0|0|8|4|0|1|0|;4;-0.2
53|0|2|2|10|0|1|8|0|0|8|4|0|1|0|;16;-0.2
53|0|2|2|11|4|2|2|0|4|8|7|0|1|0|;2;-0.2
53|0|2|2|16|2|2|1|0|0|8|4|0|1|0|;4;-0.2
53|0|2|4|10|0|1|6|0|0|7|6|0|1|0|;6;-0.219
53|0|2|5|10|0|1|4|0|3|8|4|0|1|0|;4;-0.2
53|0|2|5|10|0|1|4|0|3|8|4|0|1|0|;5;-0.2
53|0|2|5|10|0|1|4|0|3|8|4|0|1|0|;7;-0.2
53|0|2|5|10|0|1|6|0|3|8|4|0|1|0|;9;0.9
53|0|2|5|10|0|1|6|0|7|8|4|0|1|0|;17;-0.2
53|0|2|5|10|0|1|8|0|0|8|4|0|1|0|;4;-0.2
53|0|2|5|10|0|1|8|0|0|8|4|0|1|0|;17;-0.2
53|0|2|5|10|0|2|3|0|7|8|4|0|1|0|;15;37.6755
53|0|2|5|13|0|1|6|0|7|8|4|0|1|0|;7;-0.2
53|0|2|5|16|2|0|0|0|0|7|6|0|1|0|;4;-0.708824
53|0|2|5|16|2|0|0|0|0|7|6|0|1|0|;6;-0.798955
53|0|2|5|16|2|0|0|0|0|8|4|0|1|0|;4;-0.400805
53|0|2|5|16|2|0|0|0|0|8|4|0|1|0|;5;-0.2
53|0|2|5|16|2|0|0|0|4|8|4|0|1|0|;5;-0.419529
53|0|2|5|16|2|0|0|0|4|8|4|0|1|0|;8;-0.418076
53|0|2|5|16|2|0|0|0|4|8|4|0|1|0|;9;0.9
53|0|2|5|16|2|1|4|0|0|8|4|0|1|0|;15;19.9
53|0|2|6|10|0|1|6|0|0|7|6|0|1|0|;4;-0.2
53|0|2|6|10|0|1|6|0|0|7|6|0|1|0|;15;9.9
53|0|2|6|10|0|1|8|0|0|8|4|0|1|0|;16;-0.2
53|0|2|6|16|2|2|7|0|8|8|4|0|1|0|;4;-0.2
53|0|2|8|10|0|0|0|0|0|7|6|0|1|0|;4;-0.435176
53|0|2|8|10|0|0|0|0|0|7|6|0|1|0|;6;-0.220805
53|0|2|8|10|0|2|3|0|7|8|4|0|1|0|;15;9.9
53|0|2|8|16|2|1|4|0|0|8|4|0|1|0|;3;-0.2
53|0|2|8|16|2|1|4|0|0|8|4|0|1|0|;4;-0.2
53|0|2|8|16|2|2|2|0|0|8|4|0|1|0|;3;-0.2
53|0|2|8|16|2|2|4|0|0|8|4|0|1|0|;2;-0.2
53|0|2|8|16|2|2|7|0|7|8|4|0|1|0|;8;-0.2
53|0|2|8|7|2|0|0|0|4|8|4|0|1|0|;3;-0.597005
53|0|3|11|11|4|1|4|0|7|8|5|0|1|0|;4;-0.2
53|0|3|11|11|4|1|4|0|7|8|5|0|1|0|;8;-0.2
53|0|3|11|16|2|1|2|0|7|8|5|0|1|0|;3;-0.2
53|0|3|11|16|2|1|2|0|7|8|5|0|1|0|;5;-0.2
53|0|3|11|16|2|1|5|0|7|8|5|0|1|0|;1;-0.2
53|0|3|11|16|2|1|5|0|7|8|5|0|1|0|;2;-0.2
53|0|3|11|16|2|2|4|0|0|8|5|0|1|0|;2;-0.2
53|0|3|11|16|2|2|4|0|7|8|5|0|1|0|;6;-0.2
53|0|3|11|16|2|2|4|0|7|8|5|0|1|0|;9;0.9
53|0|3|11|9|4|2|2|0|5|8|7|0|1|0|;1;-0.2
53|0|3|2|16|2|1|5|0|1|8|5|0|1|0|;5;-0.2
53|0|3|2|16|2|1|5|0|1|8|5|0|1|0|;6;-0.38
53|0|3|2|16|2|2|1|0|0|8|5|0|1|0|;15;28.81
53|0|3|3|10|0|1|4|0|7|8|5|0|1|0|;6;-0.2
53|0|3|3|11|4|2|2|0|5|8|7|0|1|0|;4;-0.2
53|0|3|5|10|0|1|5|0|1|8|5|0|1|0|;4;-0.2
53|0|3|5|13|0|1|4|0|7|8|5|0|1|0|;2;-0.2
53|0|3|6|11|4|2|2|0|5|8|7|0|1|0|;1;-0.2
53|0|3|6|9|4|2|2|0|5|8|7|0|1|0|;2;-0.2
53|0|3|8|16|2|2|5|0|0|8|5|0|1|0|;2;-0.2
53|0|3|8|7|2|0|0|0|5|8|5|0|1|0|;5;-0.399
53|0|3|8|7|2|0|0|0|5|8|5|0|1|0|;6;-0.2
53|0|4|11|9|4|0|0|0|2|8|5|0|0|0|;1;-0.2
53|0|4|2|16|2|2|2|0|0|8|5|0|1|0|;1;-0.2
53|0|4|8|16|2|2|5|0|0|8|5|0|1|0|;4;-0.2
53|0|4|8|16|2|2|5|0|0|8|5|0|1|0|;8;-0.2
53|0|4|8|7|2|0|0|0|5|8|5|0|1|0|;4;-0.219
53|0|4|9|16|2|2|8|0|8|8|5|0|1|0|;1;-0.2
53|1|0|10|10|0|0|0|0|0|1|6|0|0|0|;2;-0.241325
53|1|0|10|10|0|0|0|0|0|1|6|0|0|0|;5;-0.823209
53|1|0|10|10|0|0|0|0|0|1|6|0|0|0|;17;-0.597005
53|1|0|10|10|0|1|2|0|0|1|6|0|1|0|;2;-0.2
53|1|0|10|10|0|1|2|0|0|1|6|0|1|0|;4;-0.2
53|1|0|10|10|0|1|2|0|0|1|6|0|1|0|;5;-0.2
53|1|0|10|10|0|1|2|0|0|1|6|0|1|0|;7;-0.2
53|1|0|10|10|0|1|2|0|0|1|6|0|1|0|;8;-0.2
53|1|0|10|10|0|1|4|0|0|1|6|0|0|0|;2;-0.2
53|1|0|10|10|0|1|4|0|0|1|6|0|0|0|;3;-0.3971
53|1|0|10|10|0|1|4|0|0|1|6|0|0|0|;16;-0.2
53|1|0|10|10|0|1|4|0|0|1|6|0|0|0|;17;-0.2
53|1|0|10|10|0|1|8|0|0|1|6|0|1|0|;3;-0.2
53|1|0|10|10|0|1|8|0|0|1|6|0|1|0|;17;-0.2
53|1|0|11|11|4|0|0|0|7|1|6|0|1|0|;16;-0.2
53|1|0|11|11|4|1|7|0|6|1|6|0|0|0|;3;-0.2
53|1|0|11|11|4|1|7|0|6|1|6|0|0|0|;6;-0.2
53|1|0|11|11|4|1|7|0|6|1|6|0|0|0|;15;9.9
53|1|0|11|11|4|1|7|0|6|1|6|0|0|0|;16;-0.2
53|1|0|11|11|4|1|7|0|6|4|6|0|1|0|;16;-0.2
53|1|0|11|11|4|2|6|0|6|1|6|0|0|0|;7;-0.2
53|1|0|11|11|4|2|6|0|6|4|6|0|0|0|;16;-0.2
53|1|0|11|16|2|0|0|0|0|1|6|0|1|0|;1;9.9
53|1|0|11|16|2|0|0|0|0|1|6|0|1|0|;3;-0.2
53|1|0|11|16|2|0|0|0|0|1|6|0|1|0|;4;-0.2
53|1|0|11|16|2|0|0|0|3|1|6|0|1|0|;1;9.9
53|1|0|11|16|2|1|6|0|6|4|6|0|1|0|;3;-0.2
53|1|0|11|16|2|1|6|0|6|4|6|0|1|0|;6;-0.2
53|1|0|11|16|2|1|6|0|8|1|6|0|1|0|;3;-0.542
53|1|0|11|16|2|1|6|0|8|1|6|0|1|0|;7;-0.38
53|1|0|11|9|4|0|0|0|3|1|6|0|1|0|;1;9.9
53|1|0|11|9|4|0|0|0|3|4|6|0|1|0|;6;-0.2
53|1|0|11|9|4|0|0|0|3|4|6|0|1|0|;7;-0.2
53|1|0|11|9|4|0|0|0|7|1|6|0|1|0|;6;-0.607781
53|1|0|11|9|4|0|0|0|7|1|6|0|1|0|;7;-0.635553
53|1|0|11|9|4|0|0|0|7|4|6|0|1|0|;4;9.9
53|1|0|11|9|4|1|3|0|3|1|6|0|0|0|;7;-0.2
53|1|0|11|9|4|1|3|0|6|4|6|0|1|0|;15;19.9
53|1|0|11|9|4|1|6|0|6|4|6|0|0|0|;7;-0.2
53|1|0|11|9|4|1|7|0|6|1|6|0|0|0|;3;-0.2
53|1|0|11|9|4|1|7|0|6|1|6|0|0|0|;4;-0.2
53|1|0|11|9|4|1|7|0|6|1|6|0|0|0|;17;-0.2
53|1|0|11|9|4|1|7|0|6|4|6|0|1|0|;3;-0.2
53|1|0|11|9|4|2|6|0|6|4|6|0|0|0|;3;-0.399
53|1|0|11|9|4|2|6|0|6|4|6|0|0|0|;15;9.9
53|1|0|13|16|2|1|3|0|0|1|6|0|1|0|;6;-0.2
53|1|0|13|16|2|1|3|0|7|1|6|0|1|0|;9;0.9
53|1|0|1|10|0|0|0|0|4|1|6|0|0|0|;3;-0.2
53|1|0|1|10|0|0|0|0|4|1|6|0|0|0|;16;-0.2
53|1|0|1|10|0|1|4|0|6|1|6|0|0|0|;15;19.9
53|1|0|4|10|0|0|0|0|0|1|6|0|1|0|;1;9.9
53|1|0|4|10|0|0|0|0|4|1|6|0|1|0|;2;-0.2
53|1|0|4|10|0|1|4|0|6|1|6|0|0|0|;15;9.9
53|1|0|4|10|0|1|4|0|6|1|6|0|0|0|;17;-0.2
53|1|0|4|10|0|2|6|0|6|4|6|0|0|0|;1;-0.2
53|1|0|4|10|0|2|7|0|3|1|6|0|1|0|;7;-0.2
53|1|0|4|10|0|2|7|0|6|4|6|0|0|0|;3;-0.2
53|1|0|5|16|2|0|0|0|0|1|6|0|1|0|;7;-0.469205
53|1|0|5|16|2|0|0|0|0|1|6|0|1|0|;8;-0.668308
53|1|0|5|16|2|0|0|0|7|1|6|0|1|0|;3;-0.219
53|1|0|5|16|2|0|0|0|7|1|6|0|1|0|;6;-0.2
53|1|0|6|10|0|1|4|0|0|1|6|0|1|0|;8;-0.2
53|1|0|6|10|0|1|7|0|0|1|6|0|1|0|;4;-0.2
53|1|0|6|10|0|1|7|0|0|1|6|0|1|0|;5;-0.2
53|1|0|6|10|0|1|7|0|0|1|6|0|1|0|;7;-0.2
53|1|0|6|16|2|2|3|0|0|1|6|0|1|0|;7;-0.2
53|1|0|6|16|2|2|3|0|3|1|6|0|1|0|;6;-0.2
53|1|0|7|10|0|2|7|0|6|4|6|0|0|0|;6;-0.2
53|1|0|8|10|0|0|0|0|0|1|6|0|1|0|;2;-0.400805
53|1|0|8|10|0|0|0|0|0|1|6|0|1|0|;5;-0.219
53|1|0|8|10|0|0|0|0|0|1|6|0|1|0|;8;-0.2
53|1|0|8|10|0|2|7|0|6|4|6|0|0|0|;1;-0.2
53|1|0|8|16|2|1|6|0|0|1|6|0|1|0|;3;-0.38
53|1|0|8|16|2|1|6|0|0|1|6|0|1|0|;4;-0.38
53|1|0|8|16|2|1|6|0|0|1|6|0|1|0|;7;-0.38
53|1|0|8|16|2|1|6|0|0|4|6|0|1|0|;1;-0.2
53|1|0|8|16|2|1|6|0|0|4|6|0|1|0|;6;-0.38
53|1|0|8|7|2|0|0|0|6|1|6|0|1|0|;7;-0.219
53|1|0|8|7|2|0|0|0|6|4|6|0|1|0|;4;9.9
53|1|1|10|10|0|0|0|0|0|3|6|0|0|0|;7;-0.620161
53|1|1|10|10|0|0|0|0|0|3|6|0|0|0|;8;-0.661832
53|1|1|10|10|0|1|1|0|0|3|6|0|1|0|;4;-0.2
53|1|1|10|10|0|1|2|0|0|2|6|0|1|0|;1;-0.2
53|1|1|10|10|0|1|2|0|0|2|6|0|1|0|;3;-0.2
53|1|1|10|10|0|1|2|0|0|2|6|0|1|0|;5;-0.2
53|1|1|10|10|0|1|2|0|0|2|6|0|1|0|;6;-0.2
53|1|1|10|10|0|1|2|0|0|2|6|0|1|0|;7;-0.2
53|1|1|10|10|0|1|5|0|0|2|6|0|0|0|;3;-0.5781
53|1|1|10|10|0|1|5|0|0|2|6|0|0|0|;6;-0.2
53|1|1|10|10|0|1|5|0|0|2|6|0|0|0|;8;-0.2
53|1|1|10|10|0|1|5|0|0|2|6|0|0|0|;15;9.9
53|1|1|10|10|0|1|5|0|0|2|6|0|0|0|;16;-0.2
53|1|1|10|10|0|1|5|0|0|2|6|0|0|0|;17;-0.2
53|1|1|10|10|0|1|5|0|0|2|6|0|1|0|;1;-0.2
53|1|1|10|10|0|1|5|0|0|2|6|0|1|0|;6;-0.38
53|1|1|10|10|0|1|6|0|0|3|6|0|0|0|;2;-0.417724
53|1|1|10|10|0|1|6|0|0|3|6|0|0|0|;5;-0.2
53|1|1|10|10|0|1|6|0|0|3|6|0|0|0|;17;-0.2
53|1|1|10|10|0|1|7|0|0|3|6|0|1|0|;15;9.9
53|1|1|10|10|0|1|8|0|0|2|6|0|0|0|;3;-0.2
53|1|1|10|10|0|1|8|0|0|2|6|0|0|0|;7;-0.2
53|1|1|10|10|0|1|8|0|0|2|6|0|1|0|;1;-0.2
53|1|1|10|10|0|1|8|0|0|2|6|0|1|0|;3;-0.2
53|1|1|10|10|0|1|8|0|0|2|6|0|1|0|;6;-0.2
53|1|1|10|10|0|1|8|0|0|2|6|0|1|0|;8;-0.2
53|1|1|10|10|0|1|8|0|0|2|6|0|1|0|;15;9.9
53|1|1|10|10|0|1|8|0|0|2|6|0|1|0|;16;-0.2
53|1|1|10|10|0|1|8|0|0|2|6|0|1|0|;17;-0.2
53|1|1|10|16|2|2|3|0|0|5|6|0|1|0|;2;-0.2
53|1|1|11|11|4|0|0|0|7|5|6|0|1|0|;4;-0.2
53|1|1|11|11|4|1|3|0|3|2|6|0|0|0|;6;-0.219
53|1|1|11|11|4|1|6|0|7|2|6|0|1|0|;7;-0.2
53|1|1|11|11|4|1|7|0|6|5|6|0|1|0|;7;-0.2
53|1|1|11|11|4|2|4|0|3|2|6|0|0|0|;7;-0.2
53|1|1|11|11|4|2|4|0|6|2|6|0|0|0|;6;-0.2
53|1|1|11|11|4|2|4|0|6|2|6|0|0|0|;7;-0.2
53|1|1|11|11|4|2|6|0|6|5|6|0|0|0|;6;-0.2
53|1|1|11|11|4|2|7|0|6|5|6|0|0|0|;4;-0.2
53|1|1|11|16|2|0|0|0|0|2|6|0|1|0|;6;-0.400805
53|1|1|11|16|2|0|0|0|0|3|6|0|1|0|;5;-0.435176
53|1|1|11|16|2|0|0|0|0|3|6|0|1|0|;7;-0.5781
53|1|1|11|16|2|0|0|0|0|3|6|0|1|0|;8;-0.399
53|1|1|11|16|2|0|0|0|6|3|6|0|1|0|;5;-0.2
53|1|1|11|16|2|1|1|0|3|2|6|0|1|0|;6;-0.2
53|1|1|11|16|2|1|4|0|8|2|6|0|1|0|;3;-0.38
53|1|1|11|16|2|1|4|0|8|2|6|0|1|0|;5;-0.38
53|1|1|11|16|2|1|4|0|8|2|6|0|1|0|;7;-0.6878
53|1|1|11|16|2|1|4|0|8|2|6|0|1|0|;8;-0.38
53|1|1|11|16|2|1|6|0|6|5|6|0|1|0|;1;-0.38
53|1|1|11|16|2|1|6|0|6|5|6|0|1|0|;4;-0.2
53|1|1|11|16|2|1|7|0|3|2|6|0|1|0|;3;-0.2
53|1|1|11|16|2|2|7|0|3|2|6|0|1|0|;1;-0.2
53|1|1|11|16|2|2|7|0|3|2|6|0|1|0|;5;-0.2
53|1|1|11|16|2|2|7|0|6|5|6|0|1|0|;4;-0.2
53|1|1|11|9|4|0|0|0|1|5|6|0|1|0|;8;-0.219
53|1|1|11|9|4|0|0|0|2|2|6|0|0|0|;6;-0.237905
53|1|1|11|9|4|0|0|0|7|2|6|0|1|0|;8;-0.947181
53|1|1|11|9|4|1|3|0|3|2|6|0|0|0|;1;-0.2
53|1|1|11|9|4|1|3|0|3|2|6|0|0|0|;7;-0.2
53|1|1|11|9|4|1|3|0|3|2|6|0|0|0|;8;-0.2
53|1|1|11|9|4|1|3|0|3|2|6|0|0|0|;17;-0.2
53|1|1|11|9|4|1|4|0|6|5|6|0|0|0|;4;-0.2
53|1|1|11|9|4|2|6|0|6|5|6|0|0|0|;17;-0.2
53|1|1|13|16|2|0|0|0|6|3|6|0|1|0|;2;-0.220805
53|1|1|13|16|2|0|0|0|6|3|6|0|1|0|;3;9.9
53|1|1|13|16|2|0|0|0|6|3|6|0|1|0|;4;-0.620735
53|1|1|13|16|2|0|0|0|6|3|6|0|1|0|;6;-0.452345
53|1|1|13|16|2|0|0|0|6|3|6|0|1|0|;8;-0.579724
53|1|1|1|10|0|0|0|0|4|2|6|0|0|0|;3;-0.2
53|1|1|1|10|0|1|1|0|0|2|6|0|1|0|;6;-0.2
53|1|1|1|10|0|1|7|0|0|3|6|0|1|0|;6;-0.2
53|1|1|1|10|0|1|7|0|0|3|6|0|1|0|;16;-0.2
53|1|1|2|10|0|1|7|0|0|2|6|0|1|0|;3;-0.2
53|1|1|2|10|0|1|7|0|0|2|6|0|1|0|;6;-0.2
53|1|1|2|11|4|2|8|0|6|5|6|0|1|0|;7;-0.2
53|1|1|3|10|0|1|8|0|0|2|6|0|1|0|;1;-0.2
53|1|1|4|10|0|0|0|0|0|2|6|0|1|0|;7;-0.2
53|1|1|4|10|0|0|0|0|0|2|6|0|1|0|;8;-0.2
53|1|1|4|10|0|0|0|0|6|3|6|0|1|0|;1;-0.219
53|1|1|4|10|0|0|0|0|6|3|6|0|1|0|;8;-0.400805
53|1|1|4|10|0|1|6|0|6|3|6|0|0|0|;7;-0.2
53|1|1|4|10|0|1|7|0|0|3|6|0|1|0|;8;-0.2
53|1|1|4|10|0|2|1|0|3|2|6|0|1|0|;1;-0.2
53|1|1|4|10|0|2|7|0|3|2|6|0|1|0|;8;-0.2
53|1|1|5|10|0|1|6|0|3|2|6|0|1|0|;3;-0.2
53|1|1|5|10|0|1|6|0|3|2|6|0|1|0|;7;-0.2
53|1|1|5|10|0|1|6|0|3|2|6|0|1|0|;15;9.9
53|1|1|5|10|0|1|6|0|3|2|6|0|1|0|;16;-0.2
53|1|1|5|16|2|0|0|0|0|2|6|0|1|0|;4;-0.76324
53|1|1|5|16|2|0|0|0|0|2|6|0|1|0|;8;-0.910089
53|1|1|5|16|2|0|0|0|0|3|6|0|1|0|;1;-0.949346
53|1|1|5|16|2|0|0|0|0|3|6|0|1|0|;5;-1.08281
53|1|1|5|16|2|0|0|0|7|2|6|0|1|0|;3;-0.773858
53|1|1|5|16|2|1|7|0|0|2|6|0|1|0|;1;-0.2
53|1|1|5|16|2|1|7|0|3|2|6|0|1|0|;9;0.9
53|1|1|6|10|0|1|6|0|0|3|6|0|1|0|;4;-0.2
53|1|1|6|10|0|1|7|0|0|3|6|0|1|0|;1;-0.2
53|1|1|6|10|0|1|7|0|0|3|6|0|1|0|;2;-0.2
53|1|1|6|10|0|1|7|0|0|3|6|0|1|0|;6;-0.2
53|1|1|6|10|0|1|7|0|0|3|6|0|1|0|;8;-0.2
53|1|1|6|10|0|1|7|0|0|3|6|0|1|0|;17;-0.2
53|1|1|6|10|0|1|8|0|0|2|6|0|1|0|;1;-0.2
53|1|1|6|10|0|1|8|0|0|2|6|0|1|0|;17;-0.2
53|1|1|6|16|2|2|1|0|1|2|6|0|1|0|;9;0.9
53|1|1|6|16|2|2|3|0|0|2|6|0|1|0|;5;-0.2
53|1|1|6|16|2|2|3|0|0|2|6|0|1|0|;7;-0.2
53|1|1|6|16|2|2|3|0|1|2|6|0|1|0|;4;-0.2
53|1|1|6|16|2|2|3|0|1|2|6|0|1|0|;8;-0.2
53|1|1|7|10|0|1|8|0|0|2|6|0|1|0|;7;-0.2
53|1|1|7|10|0|2|7|0|6|5|6|0|0|0|;1;-0.2
53|1|1|8|10|0|0|0|0|0|3|6|0|1|0|;3;9.9
53|1|1|8|10|0|0|0|0|0|3|6|0|1|0|;7;-0.219
53|1|1|8|10|0|1|1|0|0|3|6|0|1|0|;4;-0.2
53|1|1|8|10|0|1|1|0|0|3|6|0|1|0|;16;-0.2
53|1|1|8|10|0|2|6|0|3|2|6|0|1|0|;3;-0.2
53|1|1|8|10|0|2|6|0|3|2|6|0|1|0|;15;9.9
53|1|1|8|16|2|0|0|0|4|2|6|0|1|0|;9;0.9
53|1|1|8|16|2|0|0|0|6|2|6|0|1|0|;5;-0.2
53|1|1|8|16|2|1|6|0|0|2|6|0|1|0|;1;-0.38
53|1|1|8|16|2|1|6|0|0|2|6|0|1|0|;5;-0.937118
53|1|1|8|16|2|1|6|0|0|2|6|0|1|0|;7;-0.2
53|1|1|8|16|2|1|6|0|0|2|6|0|1|0|;15;9.81
53|1|1|8|16|2|1|6|0|0|5|6|0|1|0|;2;-0.2
53|1|1|8|16|2|1|6|0|0|5|6|0|1|0|;7;-0.2
53|1|1|8|16|2|1|6|0|0|5|6|0|1|0|;8;-0.2
53|1|1|8|16|2|2|1|0|0|5|6|0|1|0|;2;-0.2
53|1|1|8|16|2|2|3|0|0|5|6|0|1|0|;4;-0.2
53|1|1|8|7|2|0|0|0|6|2|6|0|1|0|;3;-0.399
53|1|1|9|10|0|1|8|0|0|2|6|0|1|0|;15;18.81
53|1|2|10|10|0|0|0|0|0|3|6|0|0|0|;1;-0.905062
53|1|2|10|10|0|0|0|0|0|3|6|0|0|0|;3;-0.257998
53|1|2|10|10|0|0|0|0|0|3|6|0|0|0|;6;-0.67359
53|1|2|10|10|0|0|0|0|0|3|6|0|0|0|;16;-0.2
53|1|2|10|10|0|0|0|0|6|3|6|0|0|0|;4;-0.2
53|1|2|10|10|0|0|0|0|6|3|6|0|0|0|;17;-0.2
53|1|2|10|10|0|1|2|0|0|2|4|0|1|0|;1;-0.2
53|1|2|10|10|0|1|2|0|0|2|4|0|1|0|;2;-0.2
53|1|2|10|10|0|1|2|0|0|2|4|0|1|0|;4;-0.2
53|1|2|10|10|0|1|5|0|0|2|4|0|0|0|;2;-0.399
53|1|2|10|10|0|1|5|0|0|2|4|0|0|0|;8;-0.2
53|1|2|10|10|0|1|5|0|0|2|4|0|1|0|;8;-0.2
53|1|2|10|10|0|1|6|0|0|3|6|0|0|0|;3;-0.2
53|1|2|10|10|0|1|6|0|0|3|6|0|0|0|;4;-0.399
53|1|2|10|10|0|1|6|0|0|3|6|0|0|0|;15;28.81
53|1|2|10|10|0|1|7|0|0|3|6|0|1|0|;3;-0.2
53|1|2|10|10|0|1|8|0|0|2|4|0|0|0|;4;-0.219
53|1|2|10|10|0|1|8|0|0|2|4|0|1|0|;1;-0.2
53|1|2|10|10|0|1|8|0|0|2|4|0|1|0|;2;-0.2
53|1|2|10|10|0|1|8|0|0|2|4|0|1|0|;8;-0.2
53|1|2|10|10|0|1|8|0|0|2|4|0|1|0|;16;-0.2
53|1|2|10|10|0|1|8|0|0|2|4|0|1|0|;17;-0.2
53|1|2|10|10|0|2|7|0|3|2|4|0|0|0|;4;-0.2
53|1|2|10|10|0|2|7|0|3|2|4|0|0|0|;16;-0.2
53|1|2|10|16|2|2|1|0|0|5|4|0|1|0|;8;-0.2
53|1|2|11|11|4|0|0|0|7|2|4|0|1|0|;1;-0.2
53|1|2|11|11|4|1|1|0|3|2|4|0|0|0|;7;-0.2
53|1|2|11|11|4|1|2|0|3|2|4|0|0|0|;4;-0.2
53|1|2|11|11|4|1|4|0|7|2|4|0|1|0|;5;-0.6878
53|1|2|11|11|4|1|6|0|3|2|4|0|1|0|;3;-0.2
53|1|2|11|11|4|1|6|0|6|5|4|0|1|0|;2;-0.2
53|1|2|11|11|4|1|7|0|6|5|4|0|1|0|;2;-0.2
53|1|2|11|11|4|2|3|0|6|2|4|0|0|0|;2;-0.219
53|1|2|11|11|4|2|3|0|6|2|4|0|0|0|;16;-0.2
53|1|2|11|11|4|2|5|0|3|2|4|0|0|0|;16;-0.2
53|1|2|11|16|2|0|0|0|0|3|6|0|1|0|;1;-0.600425
53|1|2|11|16|2|0|0|0|0|3|6|0|1|0|;6;-0.453986
53|1|2|11|16|2|0|0|0|2|2|4|0|1|0|;5;-0.435176
53|1|2|11|16|2|1|1|0|3|2|4|0|1|0|;2;-0.2
53|1|2|11|16|2|1|1|0|3|2|4|0|1|0|;4;-0.2
53|1|2|11|16|2|1|1|0|3|2|4|0|1|0|;6;-0.38
53|1|2|11|16|2|1|2|0|3|2|4|0|1|0|;2;-0.2
53|1|2|11|16|2|1|4|0|3|2|4|0|1|0|;7;-0.2
53|1|2|11|16|2|1|4|0|6|5|4|0|1|0|;1;-0.2
53|1|2|11|16|2|1|4|0|6|5|4|0|1|0|;2;-0.38
53|1|2|11|16|2|1|4|0|6|5|4|0|1|0|;7;-0.2
53|1|2|11|16|2|1|5|0|8|2|4|0|1|0|;1;-0.6878
53|1|2|11|16|2|1|5|0|8|2|4|0|1|0|;2;-0.542
53|1|2|11|16|2|1|5|0|8|2|4|0|1|0|;8;-0.38
53|1|2|11|16|2|1|7|0|3|2|4|0|1|0|;4;-0.219
53|1|2|11|16|2|1|7|0|3|2|4|0|1|0|;8;-0.2
53|1|2|11|16|2|2|1|0|0|5|4|0|1|0|;7;-0.2
53|1|2|11|16|2|2|3|0|2|2|4|0|1|0|;4;-0.2
53|1|2|11|9|4|0|0|0|3|2|4|0|0|0|;4;-0.219
53|1|2|11|9|4|0|0|0|3|2|4|0|0|0|;9;0.9
53|1|2|11|9|4|1|1|0|3|2|4|0|0|0|;2;-0.2
53|1|2|11|9|4|1|1|0|3|2|4|0|0|0|;8;-0.2
53|1|2|11|9|4|1|2|0|3|2|4|0|0|0|;17;-0.2
53|1|2|11|9|4|1|3|0|3|2|4|0|0|0|;15;19.9
53|1|2|11|9|4|2|3|0|6|2|4|0|0|0|;17;-0.2
53|1|2|11|9|4|2|5|0|3|2|4|0|0|0|;6;-0.2
53|1|2|13|16|2|0|0|0|6|3|6|0|1|0|;3;-0.400805
53|1|2|13|16|2|0|0|0|6|3|6|0|1|0|;4;-0.401178
53|1|2|13|16|2|0|0|0|6|3|6|0|1|0|;6;-0.476039
53|1|2|13|16|2|0|0|0|6|3|6|0|1|0|;7;-0.435176
53|1|2|1|10|0|0|0|0|5|2|4|0|0|0|;4;-0.400805
53|1|2|1|10|0|0|0|0|5|2|4|0|0|0|;17;-0.2
53|1|2|1|10|0|1|2|0|0|2|4|0|1|0|;8;-0.2
53|1|2|2|10|0|1|2|0|0|2|4|0|1|0|;17;-0.2
53|1|2|2|10|0|1|6|0|6|5|4|0|0|0|;4;-0.2
53|1|2|2|10|0|1|8|0|6|5|4|0|1|0|;4;-0.2
53|1|2|2|11|4|2|8|0|4|5|6|0|1|0|;6;-0.2
53|1|2|2|16|2|1|4|0|3|2|4|0|1|0|;3;-0.2
53|1|2|2|16|2|2|1|0|0|2|4|0|1|0|;7;-0.2
53|1|2|3|10|0|1|8|0|0|2|4|0|1|0|;2;-0.2
53|1|2|3|10|0|1|8|0|0|2|4|0|1|0|;4;-0.2
53|1|2|4|10|0|0|0|0|0|2|4|0|1|0|;4;-0.2
53|1|2|4|10|0|0|0|0|6|3|6|0|1|0|;6;-0.219
53|1|2|4|10|0|0|0|0|6|3|6|0|1|0|;7;-0.435176
53|1|2|4|10|0|0|0|0|6|3|6|0|1|0|;16;-0.2
53|1|2|4|10|0|0|0|0|6|3|6|0|1|0|;17;-0.2
53|1|2|4|10|0|1|7|0|0|3|6|0|1|0|;1;-0.2
53|1|2|5|10|0|1|2|0|0|2|4|0|1|0|;1;-0.2
53|1|2|5|10|0|1|4|0|3|2|4|0|1|0|;1;-0.2
53|1|2|5|10|0|1|4|0|3|2|4|0|1|0|;8;-0.2
53|1|2|5|10|0|1|4|0|5|2|4|0|1|0|;9;0.9
53|1|2|5|10|0|1|6|0|6|5|4|0|1|0|;6;-0.2
53|1|2|5|13|0|1|6|0|6|5|4|0|1|0|;16;-0.2
53|1|2|5|16|2|0|0|0|0|2|4|0|1|0|;1;-0.435176
53|1|2|5|16|2|0|0|0|0|3|6|0|1|0|;3;-1.33556
53|1|2|5|16|2|0|0|0|0|3|6|0|1|0|;6;-0.955593
53|1|2|6|10|0|1|2|0|0|2|4|0|1|0|;1;-0.2
53|1|2|6|10|0|1|2|0|0|2|4|0|1|0|;15;9.9
53|1|2|6|10|0|1|3|0|0|3|6|0|1|0|;6;-0.2
53|1|2|6|10|0|1|7|0|0|3|6|0|1|0|;3;-0.2
53|1|2|6|10|0|1|7|0|0|3|6|0|1|0|;7;-0.542
53|1|2|6|10|0|1|7|0|0|3|6|0|1|0|;16;-0.2
53|1|2|6|10|0|1|7|0|0|3|6|0|1|0|;17;-0.38
53|1|2|6|11|4|2|8|0|4|5|6|0|1|0|;6;-0.2
53|1|2|6|16|2|2|1|0|0|2|4|0|1|0|;1;-0.2
53|1|2|6|16|2|2|3|0|2|2|4|0|1|0|;8;-0.2
53|1|2|6|9|4|2|1|0|4|5|6|0|1|0|;8;-0.2
53|1|2|7|10|0|1|8|0|0|2|4|0|1|0|;4;-0.2
53|1|2|8|10|0|0|0|0|0|3|6|0|1|0|;1;-0.602066
53|1|2|8|10|0|1|7|0|0|3|6|0|1|0|;6;-0.2
53|1|2|8|10|0|2|1|0|3|2|4|0|0|0|;2;-0.2
53|1|2|8|16|2|1|4|0|0|2|4|0|1|0|;8;-0.38
53|1|2|8|16|2|1|4|0|0|5|4|0|1|0|;2;-0.2
53|1|2|8|16|2|1|4|0|0|5|4|0|1|0|;8;-0.2
53|1|2|8|16|2|2|1|0|0|5|4|0|1|0|;5;-0.2
53|1|2|8|16|2|2|2|0|0|5|4|0|1|0|;4;-0.2
53|1|2|8|7|2|0|0|0|4|2|4|0|1|0|;2;-0.399
53|1|2|8|7|2|0|0|0|4|5|4|0|1|0|;6;-0.5781
53|1|3|10|16|2|2|1|0|3|2|5|0|1|0|;4;-0.2
53|1|3|11|11|4|1|2|0|1|2|5|0|0|0|;4;-0.2
53|1|3|11|11|4|1|2|0|1|2|5|0|0|0|;6;-0.2
53|1|3|11|11|4|1|4|0|3|2|5|0|1|0|;1;-0.2
53|1|3|11|16|2|1|2|0|3|2|5|0|1|0|;1;-0.2
53|1|3|11|16|2|1|2|0|3|2|5|0|1|0|;5;-0.2
53|1|3|11|16|2|1|2|0|3|2|5|0|1|0|;9;0.9
53|1|3|11|16|2|1|5|0|0|2|5|0|1|0|;4;-0.399
53|1|3|11|16|2|1|5|0|0|5|5|0|1|0|;5;-0.2
53|1|3|11|16|2|1|5|0|3|2|5|0|1|0|;2;-0.2
53|1|3|11|16|2|1|5|0|6|5|5|0|1|0|;4;-0.38
53|1|3|11|16|2|1|5|0|6|5|5|0|1|0|;5;-0.2
53|1|3|11|16|2|1|5|0|6|5|5|0|1|0|;9;0.9
53|1|3|11|16|2|2|2|0|0|5|5|0|1|0|;5;-0.2
53|1|3|11|16|2|2|2|0|0|5|5|0|1|0|;8;-0.2
53|1|3|11|9|4|0|0|0|2|2|5|0|0|0|;7;-0.2
53|1|3|11|9|4|0|0|0|3|2|5|0|0|0|;9;0.9
53|1|3|11|9|4|0|0|0|8|5|5|0|0|0|;3;-0.2
53|1|3|11|9|4|1|1|0|3|2|5|0|0|0|;8;-0.2
53|1|3|11|9|4|2|2|0|5|5|6|0|1|0|;15;9.9
53|1|3|11|9|4|2|2|0|5|5|6|0|1|0|;17;-0.2
53|1|3|13|16|2|1|2|0|3|2|5|0|1|0|;2;-0.2
53|1|3|13|16|2|1|2|0|4|2|5|0|1|0|;9;0.9
53|1|3|2|10|0|1|4|0|6|5|5|0|0|0|;5;-0.2
53|1|3|2|16|2|2|1|0|0|2|5|0|1|0|;4;-0.2
53|1|3|3|11|4|2|2|0|5|5|6|0|1|0|;4;-0.2
53|1|3|3|11|4|2|5|0|5|2|3|0|1|0|;2;-0.2
53|1|3|5|10|0|1|5|0|1|2|5|0|1|0|;2;-0.2
53|1|3|6|11|4|2|8|0|5|5|6|0|1|0|;8;-0.2
53|1|3|6|16|2|2|4|0|5|5|5|0|1|0|;5;-0.2
53|1|3|6|9|4|2|2|0|5|5|6|0|1|0|;4;-0.2
53|1|3|8|16|2|1|5|0|0|5|5|0|1|0|;1;-0.2
53|1|3|8|16|2|1|5|0|0|5|5|0|1|0|;5;-0.2
53|1|3|8|16|2|2|7|0|6|5|5|0|1|0|;5;-0.2
53|1|3|8|16|2|2|8|0|0|5|5|0|1|0|;6;-0.2
53|1|3|8|7|2|0|0|0|5|2|5|0|1|0|;2;-0.237905
53|1|3|8|7|2|0|0|0|5|2|5|0|1|0|;3;-0.2
53|1|3|8|7|2|0|0|0|5|5|5|0|1|0|;2;-0.597005
53|1|3|8|7|2|0|0|0|5|5|5|0|1|0|;18;0
53|1|4|10|16|2|2|2|0|1|2|5|0|1|0|;9;0.9
53|1|4|11|11|4|0|0|0|8|5|5|0|0|0|;2;-0.2
53|1|4|11|16|2|1|2|0|1|2|5|0|1|0|;4;-0.2
53|1|4|11|16|2|1|5|0|0|2|5|0|1|0|;8;-0.219
53|1|4|11|16|2|1|8|0|4|5|5|0|1|0|;5;-0.2
53|1|4|11|16|2|2|8|0|1|2|5|0|1|0|;2;-0.38
53|1|4|11|9|4|0|0|0|1|2|5|0|0|0|;8;-0.2
53|1|4|11|9|4|0|0|0|2|2|5|0|0|0|;1;-0.2
53|1|4|11|9|4|0|0|0|8|5|5|0|0|0|;17;-0.2
53|1|4|11|9|4|2|2|0|5|5|4|0|1|0|;1;-0.2
53|1|4|11|9|4|2|2|0|5|5|4|0|1|0|;5;-0.2
53|1|4|2|16|2|1|5|0|2|2|5|0|1|0|;2;-0.2
53|1|4|2|16|2|1|5|0|2|2|5|0|1|0|;4;-0.2
53|1|4|2|16|2|2|2|0|0|5|5|0|1|0|;5;-0.2
53|1|4|2|16|2|2|5|0|0|2|5|0|1|0|;1;-0.2
53|1|4|2|16|2|2|8|0|0|2|5|0|1|0|;5;-0.2
53|1|4|3|10|0|1|8|0|1|2|5|0|1|0|;17;-0.2
53|1|4|3|13|0|1|8|0|1|2|5|0|1|0|;4;-0.2
53|1|4|7|16|2|2|5|0|5|5|5|0|1|0|;2;-0.2
53|1|4|8|16|2|2|5|0|0|2|5|0|1|0|;1;-0.2
53|1|4|8|16|2|2|5|0|0|2|5|0|1|0|;4;-0.2
53|1|4|8|7|2|0|0|0|5|2|5|0|1|0|;8;-0.399
53|1|4|8|7|2|2|2|0|5|5|4|0|1|0|;2;-0.2
53|1|4|9|16|2|2|2|0|1|2|5|0|1|0|;9;0.9
53|1|4|9|16|2|2|2|0|2|2|5|0|1|0|;1;-0.2
53|2|0|10|10|0|0|0|0|0|1|6|0|0|0|;1;-0.458332
53|2|0|10|10|0|0|0|0|0|1|6|0|0|0|;2;-0.599449
53|2|0|10|10|0|0|0|0|0|1|6|0|0|0|;8;-0.4161
53|2|0|10|10|0|1|2|0|0|1|6|0|1|0|;1;-0.2
53|2|0|10|10|0|1|2|0|0|1|6|0|1|0|;5;-0.2
53|2|0|10|16|2|2|7|0|0|4|6|0|1|0|;6;-0.2
53|2|0|11|11|4|0|0|0|3|1|6|0|1|0|;4;-0.2
53|2|0|11|11|4|1|3|0|7|1|6|0|0|0|;1;-0.2
53|2|0|11|11|4|1|6|0|6|4|6|0|1|0|;6;-0.2
53|2|0|11|11|4|1|6|0|6|4|6|0|1|0|;7;-0.2
53|2|0|11|11|4|1|6|0|6|4|6|0|1|0|;16;-0.2
53|2|0|11|11|4|2|3|0|7|1|6|0|0|0|;7;-0.2
53|2|0|11|16|2|0|0|0|0|1|6|0|1|0|;7;-0.2
53|2|0|11|16|2|0|0|0|3|1|6|0|1|0|;1;-0.2
53|2|0|11|16|2|0|0|0|7|1|6|0|1|0|;2;-0.2
53|2|0|11|16|2|1|1|0|2|1|6|0|1|0|;7;-0.2
53|2|0|11|16|2|1|6|0|6|4|6|0|1|0|;4;-0.2
53|2|0|11|16|2|1|7|0|0|1|6|0|1|0|;5;-1.13907
53|2|0|11|16|2|1|7|0|0|1|6|0|1|0|;15;9.9
53|2|0|11|16|2|1|7|0|2|1|6|0|1|0|;1;-0.38
53|2|0|11|16|2|1|7|0|2|1|6|0|1|0|;9;0.9
53|2|0|11|16|2|2|3|0|3|1|6|0|1|0|;3;-0.2
53|2|0|11|9|4|0|0|0|3|1|6|0|1|0|;17;-0.2
53|2|0|11|9|4|1|3|0|7|1|6|0|0|0|;1;-0.2
53|2|0|11|9|4|1|6|0|6|4|6|0|1|0|;17;-0.2
53|2|0|11|9|4|1|7|0|3|1|6|0|1|0|;7;-0.38
53|2|0|11|9|4|1|7|0|3|1|6|0|1|0|;15;9.9
53|2|0|11|9|4|1|7|0|6|4|6|0|1|0|;4;-0.2
53|2|0|11|9|4|1|7|0|6|4|6|0|1|0|;7;-0.2
53|2|0|11|9|4|2|6|0|6|4|6|0|0|0|;4;-0.219
53|2|0|13|16|2|0|0|0|7|1|6|0|1|0|;2;-0.744353
53|2|0|13|16|2|1|3|0|3|1|6|0|1|0|;7;-0.2
53|2|0|13|16|2|1|7|0|0|1|6|0|1|0|;8;-0.2
53|2|0|13|16|2|1|7|0|0|1|6|0|1|0|;15;9.81
53|2|0|1|10|0|1|1|0|0|1|6|0|1|0|;2;-0.2
53|2|0|4|10|0|0|0|0|0|1|6|0|1|0|;3;-0.2
53|2|0|4|10|0|2|6|0|6|4|6|0|0|0|;7;-0.2
53|2|0|5|16|2|0|0|0|0|1|6|0|1|0|;7;-0.435176
53|2|0|6|10|0|1|1|0|0|1|6|0|1|0|;2;-0.219
53|2|0|6|10|0|1|3|0|0|1|6|0|1|0|;1;-0.38
53|2|0|6|16|2|2|3|0|0|1|6|0|1|0|;1;-0.2
53|2|0|6|16|2|2|3|0|0|1|6|0|1|0|;4;-0.38
53|2|0|8|10|0|1|1|0|0|1|6|0|1|0|;5;-0.2
53|2|0|8|10|0|2|6|0|6|4|6|0|0|0|;7;-0.2
53|2|0|8|16|2|0|0|0|7|1|6|0|1|0|;16;-0.2
53|2|0|8|16|2|1|6|0|0|4|6|0|1|0|;4;-0.38
53|2|0|8|16|2|1|6|0|0|4|6|0|1|0|;7;-0.2
53|2|0|8|16|2|1|6|0|7|4|6|0|1|0|;9;0.9
53|2|0|8|16|2|1|7|0|0|1|6|0|1|0|;1;-0.81902
53|2|0|8|16|2|1|7|0|0|1|6|0|1|0|;3;-0.542
53|2|0|8|16|2|1|7|0|0|1|6|0|1|0|;4;-0.38
53|2|0|8|16|2|1|7|0|0|1|6|0|1|0|;6;-0.542
53|2|0|8|16|2|2|7|0|0|4|6|0|1|0|;15;28.81
53|2|0|8|7|2|0|0|0|7|1|6|0|1|0|;3;-0.2
53|2|1|10|10|0|0|0|0|0|3|6|0|0|0|;2;-0.247508
53|2|1|10|10|0|0|0|0|0|3|6|0|0|0|;4;-1.14158
53|2|1|10|10|0|0|0|0|0|3|6|0|0|0|;5;-0.863002
53|2|1|10|10|0|0|0|0|0|3|6|0|0|0|;6;-1.06269
53|2|1|10|10|0|0|0|0|0|3|6|0|0|0|;7;-0.237905
53|2|1|10|10|0|0|0|0|0|3|6|0|0|0|;8;-0.907029
53|2|1|10|10|0|0|0|0|0|3|6|0|0|0|;16;-0.935423
53|2|1|10|10|0|0|0|0|7|3|6|0|0|0|;6;-0.2
53|2|1|10|10|0|1|1|0|0|3|6|0|1|0|;1;-0.2
53|2|1|10|10|0|1|1|0|0|3|6|0|1|0|;4;-0.2
53|2|1|10|10|0|1|3|0|0|3|6|0|1|0|;4;-0.2
53|2|1|10|10|0|1|7|0|0|3|6|0|0|0|;2;-0.2
53|2|1|10|10|0|1|7|0|0|3|6|0|0|0|;4;-0.2
53|2|1|11|11|4|0|0|0|3|2|6|0|1|0|;3;-0.2
53|2|1|11|11|4|0|0|0|7|2|6|0|1|0|;2;-0.2
53|2|1|11|11|4|1|1|0|7|2|6|0|0|0|;2;-0.2
53|2|1|11|11|4|1|3|0|3|2|6|0|0|0|;4;-0.400805
53|2|1|11|11|4|1|3|0|7|2|6|0|1|0|;4;-0.2
53|2|1|11|11|4|1|6|0|6|5|6|0|1|0|;5;-0.2
53|2|1|11|11|4|1|6|0|6|5|6|0|1|0|;8;-0.38
53|2|1|11|11|4|1|6|0|6|5|6|0|1|0|;16;-0.2
53|2|1|11|11|4|1|7|0|3|2|6|0|1|0|;1;-0.2
53|2|1|11|11|4|1|7|0|3|2|6|0|1|0|;3;-0.542
53|2|1|11|11|4|1|7|0|3|2|6|0|1|0|;15;19.9
53|2|1|11|11|4|1|7|0|7|2|6|0|1|0|;3;-0.2
53|2|1|11|11|4|2|3|0|7|2|6|0|0|0|;5;-0.399
53|2|1|11|11|4|2|3|0|7|2|6|0|0|0|;7;-0.2
53|2|1|11|16|2|0|0|0|0|2|6|0|1|0|;5;-0.436801
53|2|1|11|16|2|0|0|0|0|3|6|0|1|0|;1;-0.435005
53|2|1|11|16|2|0|0|0|0|3|6|0|1|0|;2;-0.615807
53|2|1|11|16|2|0|0|0|0|3|6|0|1|0|;5;-0.597176
53|2|1|11|16|2|0|0|0|0|3|6|0|1|0|;6;-0.50339
53|2|1|11|16|2|0|0|0|1|2|6|0|1|0|;3;-0.400805
53|2|1|11|16|2|0|0|0|1|2|6|0|1|0|;8;-0.2
53|2|1|11|16|2|0|0|0|1|2|6|0|1|0|;9;0.861924
53|2|1|11|16|2|1|2|0|1|2|6|0|1|0|;15;19.9
53|2|1|11|16|2|1|2|0|2|2|6|0|1|0|;5;-0.2
53|2|1|11|16|2|1|2|0|2|2|6|0|1|0|;8;-0.2
53|2|1|11|16|2|1|6|0|6|5|6|0|1|0|;4;-0.38
53|2|1|11|16|2|1|6|0|6|5|6|0|1|0|;5;-0.2
53|2|1|11|16|2|1|6|0|6|5|6|0|1|0|;6;-0.2
53|2|1|11|16|2|1|6|0|6|5|6|0|1|0|;8;-0.2
53|2|1|11|16|2|1|7|0|0|3|6|0|1|0|;6;-0.2
53|2|1|11|16|2|1|7|0|0|3|6|0|1|0|;7;-0.38
53|2|1|11|16|2|1|7|0|1|3|6|0|1|0|;5;-0.38
53|2|1|11|16|2|2|1|0|1|2|6|0|1|0|;3;-0.2
53|2|1|11|9|4|0|0|0|2|2|6|0|0|0|;1;-0.2
53|2|1|11|9|4|0|0|0|2|2|6|0|0|0|;3;-0.2
53|2|1|11|9|4|0|0|0|3|2|6|0|1|0|;1;-0.47522
53|2|1|11|9|4|0|0|0|3|2|6|0|1|0|;4;-0.2
53|2|1|11|9|4|0|0|0|7|2|6|0|1|0|;9;0.9
53|2|1|11|9|4|1|6|0|6|5|6|0|1|0|;8;-0.2
53|2|1|11|9|4|1|6|0|6|5|6|0|1|0|;17;-0.2
53|2|1|11|9|4|1|7|0|3|2|6|0|1|0|;8;-0.2
53|2|1|11|9|4|1|7|0|3|2|6|0|1|0|;17;-0.2
53|2|1|11|9|4|1|7|0|6|5|6|0|1|0|;8;-0.2
53|2|1|11|9|4|2|6|0|6|5|6|0|0|0|;4;-0.2
53|2|1|11|9|4|2|6|0|6|5|6|0|0|0|;8;-0.2
53|2|1|13|16|2|0|0|0|7|3|6|0|1|0|;1;-0.663949
53|2|1|13|16|2|0|0|0|7|3|6|0|1|0|;2;-0.630663
53|2|1|13|16|2|0|0|0|7|3|6|0|1|0|;4;-0.602066
53|2|1|13|16|2|0|0|0|7|3|6|0|1|0|;7;-0.238076
53|2|1|13|16|2|1|1|0|0|2|6|0|1|0|;5;-0.2
53|2|1|13|16|2|1|1|0|1|2|6|0|1|0|;2;-0.2
53|2|1|13|16|2|1|1|0|1|2|6|0|1|0|;5;-0.2
53|2|1|13|16|2|1|3|0|0|3|6|0|1|0|;8;-0.2
53|2|1|13|16|2|1|7|0|0|3|6|0|1|0|;7;-0.3895
53|2|1|4|10|0|0|0|0|7|3|6|0|1|0|;3;-0.2
53|2|1|4|10|0|0|0|0|7|3|6|0|1|0|;6;-0.2
53|2|1|4|10|0|0|0|0|7|3|6|0|1|0|;16;-0.2
53|2|1|4|10|0|1|7|0|0|3|6|0|1|0|;15;19.9
53|2|1|4|10|0|2|6|0|6|5|6|0|0|0|;5;-0.2
53|2|1|4|10|0|2|6|0|6|5|6|0|0|0|;6;-0.2
53|2|1|5|16|2|0|0|0|0|2|6|0|1|0|;1;-0.435005
53|2|1|5|16|2|0|0|0|0|2|6|0|1|0|;5;-0.600254
53|2|1|5|16|2|0|0|0|0|2|6|0|1|0|;7;-0.800023
53|2|1|5|16|2|0|0|0|0|3|6|0|1|0|;1;-0.51979
53|2|1|5|16|2|0|0|0|0|3|6|0|1|0|;2;-0.634629
53|2|1|5|16|2|0|0|0|0|3|6|0|1|0|;4;-0.467797
53|2|1|5|16|2|0|0|0|0|3|6|0|1|0|;5;-0.619203
53|2|1|5|16|2|0|0|0|0|3|6|0|1|0|;6;-0.620563
53|2|1|5|16|2|0|0|0|0|3|6|0|1|0|;8;-0.653882
53|2|1|5|16|2|0|0|0|3|2|6|0|1|0|;7;-0.400805
53|2|1|5|16|2|1|3|0|3|2|6|0|1|0|;1;-0.2
53|2|1|6|10|0|1|3|0|0|3|6|0|1|0|;2;-0.2
53|2|1|6|10|0|1|3|0|0|3|6|0|1|0|;6;-0.2
53|2|1|6|10|0|1|3|0|0|3|6|0|1|0|;7;-0.2
53|2|1|6|10|0|1|7|0|0|3|6|0|1|0|;4;-0.2
53|2|1|6|16|2|1|1|0|3|2|6|0|0|0|;2;-0.2
53|2|1|6|16|2|2|1|0|1|2|6|0|1|0|;1;-0.2
53|2|1|6|16|2|2|3|0|1|2|6|0|1|0|;1;-0.2
53|2|1|7|10|0|1|7|0|7|3|6|0|0|0|;8;-0.2
53|2|1|7|10|0|2|6|0|6|5|6|0|0|0|;5;-0.2
53|2|1|8|10|0|0|0|0|0|3|6|0|1|0|;3;-0.399
53|2|1|8|10|0|0|0|0|0|3|6|0|1|0|;5;-0.2
53|2|1|8|10|0|0|0|0|3|3|6|0|1|0|;9;0.9
53|2|1|8|10|0|1|1|0|0|3|6|0|1|0|;15;9.9
53|2|1|8|10|0|1|3|0|0|3|6|0|1|0|;2;-0.2
53|2|1|8|10|0|1|3|0|0|3|6|0|1|0|;4;-0.2
53|2|1|8|10|0|1|3|0|0|3|6|0|1|0|;7;-0.2
53|2|1|8|10|0|1|3|0|0|3|6|0|1|0|;15;19.9
53|2|1|8|10|0|1|3|0|0|3|6|0|1|0|;17;-0.2
53|2|1|8|10|0|2|6|0|6|5|6|0|0|0|;4;-0.2
53|2|1|8|16|2|1|6|0|0|5|6|0|1|0|;4;-0.2
53|2|1|8|16|2|1|6|0|0|5|6|0|1|0|;7;-0.2
53|2|2|10|10|0|0|0|0|0|3|6|0|0|0|;1;-0.480478
53|2|2|10|10|0|0|0|0|0|3|6|0|0|0|;6;-0.238076
53|2|2|10|10|0|0|0|0|0|3|6|0|0|0|;7;-0.435176
53|2|2|10|10|0|0|0|0|0|3|6|0|0|0|;16;-0.399
53|2|2|10|10|0|0|0|0|7|3|6|0|0|0|;6;-0.2
53|2|2|10|10|0|1|1|0|0|3|6|0|1|0|;16;-0.2
53|2|2|10|10|0|1|2|0|0|2|4|0|0|0|;1;-0.2
53|2|2|10|10|0|1|2|0|0|2|4|0|0|0|;2;-0.399
53|2|2|10|10|0|1|2|0|0|2|4|0|0|0|;15;9.9
53|2|2|10|10|0|1|2|0|0|2|4|0|0|0|;16;-0.2
53|2|2|10|10|0|1|2|0|0|2|4|0|0|0|;17;-0.2
53|2|2|10|10|0|1|2|0|0|2|4|0|1|0|;1;-0.38
53|2|2|10|10|0|1|2|0|0|2|4|0|1|0|;2;-0.38
53|2|2|10|10|0|1|2|0|0|2|4|0|1|0|;16;-0.38
53|2|2|10|10|0|1|2|0|0|2|4|0|1|0|;17;-0.2
53|2|2|10|10|0|1|3|0|0|3|6|0|1|0|;1;-0.2
53|2|2|10|10|0|1|3|0|0|3|6|0|1|0|;6;-0.2
53|2|2|10|10|0|1|3|0|0|3|6|0|1|0|;15;18.81
53|2|2|10|10|0|1|3|0|0|3|6|0|1|0|;17;-0.2
53|2|2|10|10|0|1|7|0|0|3|6|0|0|0|;3;-0.2
53|2|2|10|10|0|1|7|0|0|3|6|0|0|0|;6;-0.2
53|2|2|10|10|0|1|7|0|0|3|6|0|0|0|;7;-0.2
53|2|2|10|10|0|1|7|0|0|3|6|0|0|0|;15;9.9
53|2|2|10|10|0|1|7|0|7|3|6|0|0|0|;6;-0.2
53|2|2|10|10|0|1|7|0|7|3|6|0|0|0|;16;-0.2
53|2|2|10|10|0|1|8|0|0|2|4|0|0|0|;2;-0.2
53|2|2|10|10|0|1|8|0|0|2|4|0|1|0|;1;-0.2
53|2|2|10|10|0|1|8|0|0|2|4|0|1|0|;2;-0.4161
53|2|2|10|10|0|1|8|0|0|2|4|0|1|0|;15;9.9
53|2|2|10|10|0|1|8|0|0|2|4|0|1|0|;17;-0.2
53|2|2|10|10|0|2|3|0|3|2|4|0|0|0|;1;-0.2
53|2|2|11|11|4|0|0|0|3|2|4|0|0|0|;6;-0.2
53|2|2|11|11|4|1|1|0|3|2|4|0|0|0|;3;-0.2
53|2|2|11|11|4|1|1|0|3|2|4|0|0|0|;6;-0.400805
53|2|2|11|11|4|1|1|0|3|2|4|0|0|0|;16;-0.2
53|2|2|11|11|4|1|2|0|3|2|4|0|0|0|;6;-0.220805
53|2|2|11|11|4|1|3|0|3|2|4|0|0|0|;8;-0.399
53|2|2|11|11|4|2|1|0|7|2|4|0|0|0|;8;-0.2
53|2|2|11|11|4|2|8|0|3|2|4|0|0|0|;2;-0.2
53|2|2|11|11|4|2|8|0|7|2|4|0|0|0|;9;0.9
53|2|2|11|11|4|2|8|0|7|2|4|0|0|0|;15;9.9
53|2|2|11|16|2|0|0|0|0|2|4|0|1|0|;2;-0.219
53|2|2|11|16|2|0|0|0|0|2|4|0|1|0|;8;-0.220805
53|2|2|11|16|2|0|0|0|0|3|6|0|1|0|;3;-0.400805
53|2|2|11|16|2|0|0|0|0|3|6|0|1|0|;6;-0.2
53|2|2|11|16|2|0|0|0|0|3|6|0|1|0|;7;-0.438425
53|2|2|11|16|2|0|0|0|7|3|6|0|1|0|;6;-1.495
53|2|2|11|16|2|1|1|0|3|2|4|0|1|0|;1;-0.2
53|2|2|11|16|2|1|1|0|3|2|4|0|1|0|;6;-0.2
53|2|2|11|16|2|1|2|0|3|2|4|0|1|0|;2;-0.2
53|2|2|11|16|2|1|2|0|3|2|4|0|1|0|;7;-0.2
53|2|2|11|16|2|1|3|0|3|2|4|0|1|0|;7;-0.399
53|2|2|11|16|2|1|4|0|6|5|4|0|1|0|;6;-0.2
53|2|2|11|16|2|1|7|0|0|3|6|0|1|0|;4;-0.2
53|2|2|11|16|2|1|7|0|0|3|6|0|1|0|;6;-0.2
53|2|2|11|16|2|2|3|0|2|2|4|0|1|0|;3;-0.2
53|2|2|11|16|2|2|3|0|3|2|4|0|1|0|;2;-0.2
53|2|2|11|16|2|2|3|0|3|2|4|0|1|0|;6;-0.2
53|2|2|11|9|4|0|0|0|3|2|4|0|0|0|;6;-0.2
53|2|2|11|9|4|0|0|0|3|2|4|0|0|0|;8;-0.399
53|2|2|11|9|4|1|1|0|3|2|4|0|0|0|;1;-0.2
53|2|2|13|16|2|0|0|0|7|3|6|0|1|0|;6;-0.261641
53|2|2|13|16|2|0|0|0|7|3|6|0|1|0|;7;-0.423252
53|2|2|13|16|2|1|7|0|0|3|6|0|1|0|;7;-0.2
53|2|2|13|16|2|2|1|0|3|2|4|0|1|0|;7;-0.2
53|2|2|13|16|2|2|3|0|3|2|4|0|1|0|;5;-0.2
53|2|2|13|16|2|2|3|0|3|2|4|0|1|0|;6;-0.2
53|2|2|1|10|0|0|0|0|8|2|4|0|0|0|;1;-0.219
53|2|2|1|10|0|0|0|0|8|2|4|0|0|0|;2;-0.2
53|2|2|1|10|0|1|2|0|0|2|4|0|1|0|;2;-0.219
53|2|2|1|10|0|2|3|0|3|2|4|0|0|0|;6;-0.2
53|2|2|2|10|0|1|1|0|0|2|4|0|1|0|;2;-0.219
53|2|2|3|10|0|1|2|0|0|2|4|0|1|0|;1;-0.2
53|2|2|3|10|0|1|2|0|0|2|4|0|1|0|;16;-0.2
53|2|2|4|10|0|0|0|0|0|2|4|0|1|0|;2;-0.219
53|2|2|4|10|0|2|3|0|3|2|4|0|1|0|;2;-0.2
53|2|2|5|16|2|0|0|0|0|2|4|0|1|0|;2;-0.837043
53|2|2|5|16|2|0|0|0|0|3|6|0|1|0|;1;-0.656607
53|2|2|5|16|2|0|0|0|0|3|6|0|1|0|;4;-0.761786
53|2|2|5|16|2|0|0|0|0|3|6|0|1|0|;6;-0.238076
53|2|2|5|16|2|0|0|0|0|3|6|0|1|0|;7;-0.775287
53|2|2|5|16|2|0|0|0|1|2|4|0|1|0|;2;-0.220805
53|2|2|5|16|2|0|0|0|1|2|4|0|1|0|;8;-0.219
53|2|2|6|10|0|1|3|0|0|3|6|0|1|0|;1;-0.2
53|2|2|7|10|0|1|2|0|0|2|4|0|1|0|;2;-0.219
53|2|2|7|10|0|1|7|0|7|3|6|0|0|0|;3;-0.2
53|2|2|8|10|0|1|3|0|0|3|6|0|1|0|;4;-0.2
53|2|2|8|10|0|1|3|0|0|3|6|0|1|0|;7;-0.2
53|2|2|8|10|0|1|3|0|0|3|6|0|1|0|;15;9.9
53|2|2|8|10|0|1|3|0|0|3|6|0|1|0|;16;-0.2
53|2|2|8|10|0|2|1|0|3|2|4|0|0|0|;1;-0.2
53|2|2|8|10|0|2|3|0|3|2|4|0|1|0|;2;-0.2
53|2|2|8|10|0|2|3|0|3|2|4|0|1|0|;7;-0.2
53|2|2|8|16|2|1|4|0|0|5|4|0|1|0|;6;-0.2
53|2|2|8|7|2|0|0|0|4|5|4|0|1|0|;4;-0.597005
53|2|3|10|16|2|2|1|0|3|2|5|0|1|0|;3;-0.2
53|2|3|11|11|4|0|0|0|1|2|5|0|0|0|;8;-0.2
53|2|3|11|11|4|0|0|0|5|5|5|0|0|0|;16;-0.2
53|2|3|11|11|4|1|2|0|1|2|5|0|0|0|;2;-0.2
53|2|3|11|11|4|1|2|0|1|2|5|0|0|0|;8;-0.2
53|2|3|11|16|2|1|1|0|3|2|5|0|1|0|;2;-0.400805
53|2|3|11|16|2|1|1|0|3|2|5|0|1|0|;3;-0.2
53|2|3|11|16|2|1|1|0|3|2|5|0|1|0|;8;-0.2
53|2|3|11|16|2|1|2|0|3|2|5|0|1|0|;1;-0.2
53|2|3|11|16|2|1|2|0|3|2|5|0|1|0|;4;-0.38
53|2|3|11|16|2|1|2|0|3|2|5|0|1|0|;8;-0.2
53|2|3|11|16|2|1|8|0|0|2|5|0|1|0|;6;-0.38
53|2|3|11|9|4|0|0|0|1|2|5|0|0|0|;17;-0.2
53|2|3|11|9|4|0|0|0|3|2|5|0|0|0|;3;-0.2
53|2|3|11|9|4|0|0|0|5|5|5|0|0|0|;4;-0.2
53|2|3|11|9|4|1|1|0|3|2|5|0|0|0|;1;-0.2
53|2|3|11|9|4|1|2|0|1|2|5|0|0|0|;15;19.9
53|2|3|11|9|4|2|2|0|3|2|5|0|0|0|;7;-0.2
53|2|3|13|16|2|2|3|0|3|2|5|0|1|0|;4;-0.2
53|2|3|1|10|0|2|2|0|3|2|5|0|0|0|;4;-0.2
53|2|3|1|10|0|2|2|0|3|2|5|0|0|0|;6;-0.219
53|2|3|1|10|0|2|2|0|3|2|5|0|0|0|;17;-0.2
53|2|3|2|16|2|2|2|0|0|2|5|0|1|0|;3;-0.38
53|2|3|7|16|2|2|8|0|5|5|5|0|1|0|;7;-0.2
53|2|3|8|10|0|2|1|0|3|2|5|0|1|0|;8;-0.219
53|2|3|8|16|2|1|5|0|0|5|5|0|1|0|;5;-0.2
53|2|3|8|7|2|2|8|0|5|5|6|0|1|0|;7;-0.2
53|2|4|11|11|4|1|2|0|1|2|5|0|0|0|;16;-0.219
53|2|4|11|16|2|1|2|0|1|2|5|0|1|0|;2;-0.2
53|2|4|11|16|2|1|2|0|1|2|5|0|1|0|;4;-0.2
53|2|4|11|16|2|1|2|0|1|2|5|0|1|0|;8;-0.219
53|2|4|11|16|2|1|8|0|0|2|5|0|1|0|;1;-0.38
53|2|4|11|16|2|2|2|0|1|2|5|0|1|0|;1;-0.2
53|2|4|11|9|4|1|2|0|1|2|5|0|0|0|;5;-0.400805
53|2|4|11|9|4|1|2|0|1|2|5|0|0|0|;8;-0.2
53|2|4|11|9|4|1|2|0|1|2|5|0|0|0|;15;9.881
53|2|4|11|9|4|2|2|0|1|2|5|0|0|0|;5;-0.2
53|2|4|11|9|4|2|8|0|5|5|4|0|1|0|;5;-0.2
53|2|4|13|16|2|1|2|0|8|2|5|0|1|0|;2;-0.2
53|2|4|13|16|2|2|2|0|1|2|5|0|1|0|;4;-0.6878
53|2|4|1|10|0|1|2|0|1|2|5|0|1|0|;17;-0.2
53|2|4|1|13|0|1|2|0|1|2|5|0|1|0|;15;9.9
53|2|4|1|13|0|1|2|0|1|2|5|0|1|0|;16;-0.2
53|2|4|2|16|2|1|8|0|2|2|5|0|1|0|;2;-0.2
53|2|4|7|16|2|2|8|0|5|5|5|0|1|0|;5;-0.2
53|2|4|8|16|2|2|8|0|0|2|5|0|1|0|;1;-0.2
53|2|4|8|7|2|2|8|0|5|5|4|0|1|0|;4;-0.2
53|3|0|10|10|0|0|0|0|0|1|7|0|0|0|;8;-1.17564
53|3|0|10|10|0|0|0|0|1|1|7|0|0|0|;9;0.9
53|3|0|10|10|0|1|1|0|0|1|7|0|0|0|;2;-0.2
53|3|0|11|11|4|0|0|0|3|1|7|0|1|0|;3;-0.2
53|3|0|11|11|4|1|3|0|3|1|7|0|1|0|;16;-0.2
53|3|0|11|11|4|2|3|0|3|1|7|0|0|0|;1;-0.399
53|3|0|11|11|4|2|3|0|3|1|7|0|0|0|;7;-0.2
53|3|0|11|16|2|0|0|0|0|1|7|0|1|0|;2;-0.926779
53|3|0|11|16|2|0|0|0|3|1|7|0|1|0|;9;0.9
53|3|0|11|16|2|1|3|0|0|1|7|0|1|0|;1;-0.38
53|3|0|11|16|2|1|3|0|2|1|7|0|1|0|;2;-0.38
53|3|0|11|9|4|0|0|0|3|1|7|0|1|0|;1;-0.2
53|3|0|11|9|4|1|3|0|3|1|7|0|1|0|;7;-0.2
53|3|0|13|16|2|1|3|0|0|1|7|0|1|0|;2;-0.2
53|3|0|13|16|2|1|3|0|3|1|7|0|1|0|;1;-0.2
53|3|0|4|10|0|0|0|0|0|1|7|0|1|0|;8;-0.2
53|3|0|4|10|0|0|0|0|0|1|7|0|1|0|;17;-0.2
53|3|0|4|10|0|0|0|0|1|1|7|0|1|0|;9;0.9
53|3|0|5|16|2|0|0|0|0|1|7|0|1|0|;3;-0.595295
53|3|0|5|16|2|0|0|0|0|1|7|0|1|0|;8;-0.626245
53|3|0|6|10|0|1|1|0|0|1|7|0|1|0|;2;-0.219
53|3|0|6|10|0|1|3|0|0|1|7|0|1|0|;8;-0.2
53|3|0|6|16|2|2|3|0|0|1|7|0|1|0|;1;-0.38
53|3|0|8|10|0|0|0|0|0|1|7|0|1|0|;2;-0.219
53|3|0|8|16|2|1|3|0|0|1|7|0|1|0|;1;-0.38
53|3|1|10|10|0|0|0|0|0|3|7|0|0|0|;1;-1.44318
53|3|1|10|10|0|0|0|0|0|3|7|0|0|0|;3;-1.03288
53|3|1|10|10|0|0|0|0|0|3|7|0|0|0|;8;-1.29379
53|3|1|10|10|0|0|0|0|0|3|7|0|0|0|;16;-1.16695
53|3|1|10|10|0|0|0|0|0|3|7|0|0|0|;17;-1.36471
53|3|1|10|10|0|0|0|0|3|3|7|0|0|0|;1;-0.2
53|3|1|10|10|0|0|0|0|3|3|7|0|0|0|;16;-0.2
53|3|1|10|10|0|0|0|0|3|3|7|0|0|0|;17;-0.2
53|3|1|10|10|0|1|2|0|0|3|7|0|1|0|;2;-0.2
53|3|1|10|10|0|1|3|0|0|3|7|0|0|0|;7;-0.2
53|3|1|10|10|0|1|3|0|0|3|7|0|0|0|;15;9.9
53|3|1|10|10|0|1|3|0|0|3|7|0|1|0|;1;-0.219
53|3|1|10|10|0|1|3|0|0|3|7|0|1|0|;2;-0.2
53|3|1|10|10|0|1|3|0|0|3|7|0|1|0|;8;-0.2
53|3|1|10|10|0|1|3|0|3|3|7|0|0|0|;2;-0.2
53|3|1|11|11|4|1|3|0|3|2|7|0|0|0|;3;-0.435176
53|3|1|11|11|4|1|3|0|3|2|7|0|1|0|;1;-0.38
53|3|1|11|11|4|1|3|0|3|2|7|0|1|0|;8;-0.2
53|3|1|11|11|4|2|1|0|3|2|7|0|0|0|;8;-0.219
53|3|1|11|16|2|0|0|0|0|3|7|0|1|0|;1;-0.220805
53|3|1|11|16|2|0|0|0|3|3|7|0|1|0|;2;-1.00628
53|3|1|11|16|2|0|0|0|3|3|7|0|1|0|;7;-0.2
53|3|1|11|16|2|0|0|0|3|3|7|0|1|0|;8;-0.804914
53|3|1|11|16|2|1|3|0|0|3|7|0|1|0|;1;-0.38
53|3|1|11|16|2|1|3|0|0|3|7|0|1|0|;3;-0.6878
53|3|1|11|16|2|1|3|0|0|3|7|0|1|0|;7;-0.2
53|3|1|11|16|2|1|3|0|0|3|7|0|1|0|;8;-0.38
53|3|1|11|16|2|1|3|0|1|3|7|0|1|0|;3;-0.2
53|3|1|11|16|2|1|3|0|1|3|7|0|1|0|;7;-0.2
53|3|1|11|9|4|0|0|0|3|2|7|0|1|0|;8;-0.2
53|3|1|11|9|4|1|3|0|3|2|7|0|1|0|;2;-0.2
53|3|1|13|16|2|0|0|0|3|3|7|0|1|0|;1;-0.648855
53|3|1|13|16|2|0|0|0|3|3|7|0|1|0|;2;-0.221178
53|3|1|13|16|2|2|3|0|3|2|7|0|1|0|;3;-0.2
53|3|1|4|10|0|0|0|0|0|3|7|0|1|0|;3;-0.2
53|3|1|4|10|0|0|0|0|0|3|7|0|1|0|;8;-0.2
53|3|1|5|16|2|0|0|0|0|3|7|0|1|0|;1;-0.744182
53|3|1|5|16|2|0|0|0|0|3|7|0|1|0|;3;-0.400805
53|3|1|5|16|2|0|0|0|0|3|7|0|1|0|;8;-0.455619
53|3|1|6|10|0|1|3|0|0|3|7|0|1|0|;7;-0.2
53|3|1|6|10|0|1|3|0|0|3|7|0|1|0|;8;-0.2
53|3|1|6|10|0|1|3|0|0|3|7|0|1|0|;15;9.9
53|3|1|7|10|0|1|3|0|3|3|7|0|0|0|;1;-0.2
53|3|1|8|10|0|0|0|0|0|3|7|0|1|0|;7;-0.2
53|3|1|8|10|0|1|3|0|0|3|7|0|1|0|;8;-0.542
53|3|1|8|16|2|1|3|0|0|2|7|0|1|0|;2;-0.542
53|3|2|10|10|0|0|0|0|0|3|7|0|0|0|;3;-0.722838
53|3|2|10|10|0|0|0|0|0|3|7|0|0|0|;7;-1.52717
53|3|2|10|10|0|0|0|0|0|3|7|0|0|0|;17;-0.79402
53|3|2|10|10|0|1|3|0|0|3|7|0|1|0|;3;-0.2
53|3|2|11|16|2|0|0|0|0|3|7|0|1|0|;1;-0.58153
53|3|2|11|16|2|0|0|0|3|3|7|0|1|0|;1;-0.926115
53|3|2|11|16|2|1|3|0|0|3|7|0|1|0|;1;-0.38
53|3|2|11|16|2|1|3|0|0|3|7|0|1|0|;3;-0.2
53|3|2|11|16|2|1|3|0|3|3|7|0|1|0|;7;-0.38
53|3|2|4|10|0|0|0|0|0|3|7|0|1|0|;7;-0.219
53|3|2|5|16|2|0|0|0|0|3|7|0|1|0|;1;-0.680478
53|3|2|5|16|2|0|0|0|0|3|7|0|1|0|;3;-0.619071
53|3|2|5|16|2|0|0|0|0|3|7|0|1|0|;7;-0.599042
53|3|2|6|10|0|1|3|0|0|3|7|0|1|0|;1;-0.2
53|3|2|6|10|0|1|3|0|0|3|7|0|1|0|;16;-0.38
53|3|2|6|10|0|1|3|0|0|3|7|0|1|0|;17;-0.2
53|3|2|8|10|0|0|0|0|0|3|7|0|1|0|;7;-0.2
53|3|2|8|10|0|1|3|0|0|3|7|0|1|0|;1;-0.38
53|3|2|8|10|0|1|3|0|0|3|7|0|1|0|;3;-0.2
53|3|2|8|10|0|1|3|0|0|3|7|0|1|0|;7;-0.2
53|3|2|8|10|0|1|3|0|0|3|7|0|1|0|;16;-0.2
53|3|2|8|10|0|1|3|0|0|3|7|0|1|0|;17;-0.2
53|3|3|11|11|4|0|0|0|1|2|8|0|0|0|;16;-0.2
53|3|3|11|11|4|1|1|0|1|2|8|0|0|0|;2;-0.2
53|3|3|11|11|4|1|2|0|1|2|8|0|0|0|;2;-0.219
53|3|3|11|11|4|1|2|0|1|2|8|0|0|0|;7;-0.2
53|3|3|11|16|2|1|2|0|3|2|8|0|1|0|;1;-0.2
53|3|3|11|16|2|1|2|0|3|2|8|0|1|0|;3;-0.2
53|3|3|11|16|2|1|2|0|3|2|8|0|1|0|;7;-0.2
53|3|3|11|16|2|2|1|0|3|2|8|0|1|0|;3;-0.2
53|3|3|11|9|4|0|0|0|1|2|8|0|0|0|;2;-0.2
53|3|3|11|9|4|0|0|0|3|2|8|0|0|0|;1;-0.2
53|3|3|11|9|4|1|2|0|1|2|8|0|0|0|;1;-0.2
53|3|3|11|9|4|1|2|0|1|2|8|0|0|0|;3;-0.219
53|3|3|11|9|4|2|2|0|3|2|8|0|0|0|;3;-0.219
53|3|3|13|16|2|2|1|0|3|2|8|0|1|0|;2;-0.219
53|3|3|13|16|2|2|1|0|3|2|8|0|1|0|;3;-0.4161
53|3|3|1|10|0|2|1|0|3|2|8|0|0|0|;7;-0.2
53|3|3|1|10|0|2|1|0|3|2|8|0|0|0|;16;-0.2
53|3|3|1|10|0|2|2|0|3|2|8|0|0|0|;1;-0.2
53|3|4|11|11|4|1|2|0|1|2|8|0|0|0|;2;-0.219
53|3|4|11|16|2|1|2|0|0|2|8|0|1|0|;1;-0.38
53|3|4|11|16|2|1|2|0|1|2|8|0|1|0|;1;-0.219
53|3|4|11|16|2|1|2|0|1|2|8|0|1|0|;2;-0.2
53|3|4|13|16|2|1|2|0|2|2|8|0|1|0|;1;-0.2
53|3|4|13|16|2|2|2|0|1|2|8|0|1|0|;1;-0.43149
53|3|4|13|16|2|2|2|0|1|2|8|0|1|0|;8;-0.2
53|3|4|13|16|2|2|2|0|1|2|8|0|1|0|;15;28.81
53|3|4|1|10|0|2|2|0|1|2|8|0|0|0|;2;-0.38
54|0|1|3|16|2|1|3|0|7|8|6|0|1|0|;4;-0.2
54|0|2|2|16|2|1|1|0|0|8|4|0|1|0|;3;-0.2
54|0|2|2|16|2|1|1|0|0|8|4|0|1|0|;15;9.9
54|0|2|3|16|2|1|2|0|7|8|4|0|1|0|;3;-0.2
54|0|4|3|16|2|1|2|0|0|8|5|0|1|0|;5;-0.2
54|1|1|3|16|2|1|3|0|3|2|6|0|1|0|;5;-0.2
54|1|2|3|16|2|1|1|0|3|2|4|0|1|0|;2;-0.2
54|1|3|2|16|2|1|8|0|0|5|5|0|1|0|;5;0.7405
54|1|3|3|16|2|1|2|0|0|2|5|0|1|0|;2;-0.2
54|1|3|3|16|2|1|2|0|1|5|5|0|1|0|;3;-0.2
54|1|3|3|16|2|1|2|0|3|2|5|0|1|0|;2;-0.2
54|1|3|3|16|2|1|8|0|0|5|5|0|1|0|;6;-0.2
54|1|3|3|16|2|1|8|0|6|5|5|0|1|0|;9;0.9
54|1|4|3|16|2|1|2|0|1|2|5|0|1|0|;8;-0.2
54|1|4|3|16|2|1|2|0|1|2|5|0|1|0|;9;0.9
54|2|0|3|16|2|1|3|0|3|1|6|0|1|0|;4;-0.2
54|2|0|3|16|2|1|3|0|3|1|6|0|1|0|;7;-0.38
54|2|0|3|16|2|1|3|0|7|1|6|0|1|0|;9;0.9
54|2|0|3|16|2|2|7|0|3|1|6|0|1|0|;4;-0.2
54|2|0|3|16|2|2|7|0|3|1|6|0|1|0|;15;9.81
54|2|1|3|16|2|1|1|0|3|2|6|0|1|0|;5;-0.2
54|2|1|3|16|2|1|3|0|3|2|6|0|1|0|;3;-0.2
54|2|1|3|16|2|1|3|0|3|2|6|0|1|0|;7;-0.2
54|2|1|3|16|2|2|7|0|3|2|6|0|1|0|;8;-0.2
54|2|2|3|16|2|1|1|0|3|2|4|0|1|0|;6;-0.2
54|2|2|3|16|2|1|1|0|3|2|4|0|1|0|;7;-0.2
54|2|3|3|16|2|1|2|0|3|2|5|0|1|0|;3;-0.2
54|2|3|3|16|2|1|2|0|3|2|5|0|1|0|;8;-0.2
54|2|4|3|16|2|1|5|0|4|5|5|0|1|0|;5;-0.2
54|2|4|3|16|2|1|5|0|8|5|5|0|1|0|;9;0.9
54|3|0|3|16|2|1|3|0|3|1|7|0|1|0|;1;-0.2
54|3|0|3|16|2|1|3|0|3|1|7|0|1|0|;3;-0.2
54|3|0|3|16|2|2|3|0|3|1|7|0|1|0|;1;-0.2
54|3|3|3|16|2|1|2|0|3|2|8|0|1|0|;1;-0.2
56|0|1|10|10|0|0|0|0|6|7|6|0|1|0|;7;9.9
56|0|1|10|10|0|1|5|0|0|8|6|0|1|0|;4;-0.2
56|0|1|10|10|0|1|5|0|0|8|6|0|1|0|;5;-0.2
56|0|1|10|10|0|1|5|0|0|8|6|0|1|0|;16;-0.2
56|0|1|10|10|0|1|6|0|0|7|6|0|1|0|;4;-0.2
56|0|1|10|10|0|1|6|0|0|7|6|0|1|0|;5;-0.2
56|0|1|10|10|0|1|6|0|0|7|6|0|1|0|;6;-0.2
56|0|1|10|10|0|1|6|0|0|7|6|0|1|0|;8;-0.2
56|0|1|10|10|0|1|6|0|0|7|6|0|1|0|;15;9.9
56|0|1|10|10|0|1|6|0|0|7|6|0|1|0|;17;-0.2
56|0|1|1|14|4|0|0|0|0|8|6|0|1|0|;16;-0.2
56|0|1|1|14|4|0|0|0|1|8|6|0|1|0|;16;-0.2
56|0|1|1|9|4|0|0|0|0|8|6|0|1|0|;1;-0.2
56|0|1|1|9|4|0|0|0|1|8|6|0|1|0|;4;-0.219
56|0|1|2|10|0|2|3|0|7|8|6|0|1|0|;3;-0.2
56|0|1|2|10|0|2|3|0|7|8|6|0|1|0|;4;-0.2
56|0|1|2|10|0|2|3|0|7|8|6|0|1|0|;17;-0.2
56|0|2|10|10|0|0|0|0|6|7|6|0|1|0|;6;-0.2
56|0|2|10|10|0|1|5|0|0|8|4|0|1|0|;4;-0.2
56|0|2|10|10|0|1|5|0|0|8|4|0|1|0|;5;-0.399
56|0|2|10|10|0|1|5|0|0|8|4|0|1|0|;16;-0.2
56|0|2|10|10|0|1|5|0|0|8|4|0|1|0|;17;-0.2
56|0|2|10|10|0|1|6|0|0|7|6|0|1|0|;4;-0.2
56|0|2|10|10|0|1|6|0|0|7|6|0|1|0|;7;-0.2
56|0|2|10|10|0|1|6|0|0|7|6|0|1|0|;15;19.9
56|0|2|10|10|0|1|6|0|0|7|6|0|1|0|;16;-0.2
56|0|2|1|14|4|0|0|0|2|8|4|0|1|0|;5;-0.2
56|0|2|7|10|0|2|6|0|7|8|4|0|1|0|;4;-0.219
56|0|3|1|14|4|0|0|0|0|8|5|0|1|0|;1;-0.220805
56|0|3|1|14|4|0|0|0|0|8|5|0|1|0|;3;-0.2
56|0|3|1|14|4|0|0|0|0|8|5|0|1|0|;6;-0.2
56|0|3|1|14|4|0|0|0|2|8|5|0|1|0|;16;-0.219
56|0|3|1|9|4|0|0|0|2|8|5|0|1|0|;3;-0.561
56|0|3|1|9|4|0|0|0|2|8|5|0|1|0|;5;-0.452191
56|1|0|10|10|0|1|4|0|0|1|6|0|1|0|;2;-0.2
56|1|0|10|10|0|1|4|0|0|1|6|0|1|0|;8;-0.2
56|1|0|1|11|4|1|3|0|3|1|6|0|1|0|;4;-0.2
56|1|0|1|9|4|0|0|0|0|4|6|0|1|0|;3;-0.38
56|1|0|2|10|0|2|6|0|3|1|6|0|1|0|;7;-0.2
56|1|0|5|10|0|2|7|0|3|1|6|0|1|0|;3;-0.2
56|1|1|10|10|0|0|0|0|6|3|6|0|1|0|;1;-0.2
56|1|1|10|10|0|1|2|0|0|2|6|0|1|0|;6;-0.2
56|1|1|10|10|0|1|5|0|0|2|6|0|1|0|;1;-0.38
56|1|1|10|10|0|1|5|0|0|2|6|0|1|0|;3;-0.2
56|1|1|10|10|0|1|5|0|0|2|6|0|1|0|;7;-0.2
56|1|1|10|10|0|1|5|0|0|2|6|0|1|0|;17;-0.2
56|1|1|10|10|0|1|6|0|0|3|6|0|1|0|;1;-0.2
56|1|1|10|10|0|1|6|0|0|3|6|0|1|0|;4;-0.2
56|1|1|10|10|0|1|6|0|0|3|6|0|1|0|;15;9.9
56|1|1|10|10|0|1|8|0|0|2|6|0|1|0|;3;-0.2
56|1|1|10|10|0|1|8|0|0|2|6|0|1|0|;5;-0.2
56|1|1|1|14|4|0|0|0|0|2|6|0|1|0|;1;-0.2
56|1|1|1|14|4|0|0|0|1|2|6|0|1|0|;1;-0.2
56|1|1|1|9|4|0|0|0|0|2|6|0|1|0|;4;-0.2
56|1|1|1|9|4|0|0|0|0|5|6|0|1|0|;2;-0.219
56|1|1|1|9|4|0|0|0|1|2|6|0|1|0|;4;-0.399
56|1|1|1|9|4|1|1|0|3|2|6|0|1|0|;15;19.9
56|1|1|2|10|0|2|3|0|3|2|6|0|1|0|;5;-0.2
56|1|1|2|10|0|2|6|0|3|2|6|0|1|0|;1;-0.2
56|1|1|5|10|0|2|7|0|3|2|6|0|1|0|;8;-0.2
56|1|2|10|10|0|1|5|0|0|2|4|0|1|0|;1;-0.2
56|1|2|10|10|0|1|5|0|0|2|4|0|1|0|;4;-0.38
56|1|2|10|10|0|1|5|0|0|2|4|0|1|0|;16;-0.2
56|1|2|10|10|0|1|6|0|0|3|6|0|1|0|;1;-0.38
56|1|2|10|10|0|1|6|0|0|3|6|0|1|0|;3;-0.2
56|1|2|10|10|0|1|8|0|0|2|4|0|1|0|;8;-0.2
56|1|2|10|10|0|1|8|0|0|2|4|0|1|0|;16;-0.2
56|1|2|10|10|0|2|7|0|3|2|4|0|1|0|;6;-0.2
56|1|2|1|14|4|0|0|0|0|2|4|0|1|0|;8;-0.2
56|1|2|1|14|4|0|0|0|0|5|4|0|1|0|;6;-0.399
56|1|2|1|14|4|0|0|0|8|5|4|0|1|0|;4;-0.2
56|1|2|1|9|4|0|0|0|1|2|4|0|1|0|;9;0.9
56|1|2|1|9|4|0|0|0|2|2|4|0|1|0|;3;-0.579905
56|1|2|1|9|4|0|0|0|2|2|4|0|1|0|;7;-0.2
56|1|2|1|9|4|0|0|0|8|5|4|0|1|0|;17;-0.2
56|1|2|2|10|0|2|7|0|6|5|4|0|1|0|;3;-0.2
56|1|2|5|10|0|2|7|0|3|2|4|0|1|0|;8;-0.2
56|1|2|7|10|0|2|7|0|3|2|4|0|1|0|;1;-0.2
56|1|3|1|14|4|0|0|0|0|5|5|0|1|0|;4;-0.4161
56|1|3|1|9|4|0|0|0|2|2|5|0|1|0|;1;-0.2361
56|1|4|1|14|4|0|0|0|0|2|5|0|1|0|;4;-0.2
56|1|4|1|14|4|0|0|0|0|5|5|0|1|0|;8;-0.2
56|1|4|1|14|4|0|0|0|8|5|5|0|1|0|;1;-0.2
56|1|4|1|14|4|0|0|0|8|5|5|0|1|0|;5;-0.2
56|1|4|1|9|4|0|0|0|8|5|5|0|1|0|;2;-0.399
56|1|4|1|9|4|0|0|0|8|5|5|0|1|0|;17;-0.399
56|2|0|10|10|0|1|2|0|0|1|6|0|1|0|;3;-0.2
56|2|0|1|11|4|1|3|0|3|1|6|0|1|0|;1;-0.2
56|2|0|1|11|4|1|3|0|3|1|6|0|1|0|;16;-0.2
56|2|0|1|14|4|0|0|0|6|4|6|0|1|0|;7;-0.59349
56|2|0|1|9|4|0|0|0|0|4|6|0|1|0|;4;-0.399
56|2|0|1|9|4|0|0|0|6|4|6|0|1|0|;7;-0.648855
56|2|0|1|9|4|0|0|0|6|4|6|0|1|0|;9;0.9
56|2|0|1|9|4|1|3|0|3|1|6|0|1|0|;7;-0.2
56|2|0|2|10|0|2|7|0|3|1|6|0|1|0|;1;-0.2
56|2|0|2|10|0|2|7|0|3|1|6|0|1|0|;4;-0.2
56|2|1|10|10|0|1|7|0|0|3|6|0|1|0|;2;-0.2
56|2|1|1|14|4|0|0|0|0|2|6|0|1|0|;3;-0.2
56|2|1|1|14|4|0|0|0|0|5|6|0|1|0|;6;-0.399
56|2|1|1|14|4|0|0|0|4|5|6|0|1|0|;8;-0.600254
56|2|1|1|14|4|0|0|0|4|5|6|0|1|0|;16;-0.542
56|2|1|1|9|4|0|0|0|0|2|6|0|1|0|;17;-0.2
56|2|1|1|9|4|0|0|0|0|5|6|0|1|0|;17;-0.399
56|2|1|1|9|4|0|0|0|1|2|6|0|1|0|;3;-0.417905
56|2|1|1|9|4|0|0|0|4|5|6|0|1|0|;8;-0.803501
56|2|1|1|9|4|0|0|0|4|5|6|0|1|0|;17;-0.5952
56|2|1|1|9|4|1|3|0|3|2|6|0|1|0|;1;-0.2
56|2|2|10|10|0|1|2|0|0|2|4|0|1|0|;1;-0.2
56|2|2|10|10|0|1|2|0|0|2|4|0|1|0|;2;-0.2
56|2|2|10|10|0|1|2|0|0|2|4|0|1|0|;17;-0.2
56|2|2|10|10|0|1|8|0|0|2|4|0|1|0|;1;-0.2
56|2|2|10|10|0|1|8|0|0|2|4|0|1|0|;2;-0.2
56|2|2|10|10|0|1|8|0|0|2|4|0|1|0|;15;18.81
56|2|2|10|10|0|2|3|0|3|2|4|0|1|0|;1;-0.2
56|2|2|1|9|4|0|0|0|0|2|4|0|1|0|;2;-0.2
56|2|2|1|9|4|0|0|0|5|5|4|0|1|0|;4;-0.2
56|2|2|1|9|4|0|0|0|5|5|4|0|1|0|;8;-0.2
56|2|3|10|10|0|2|1|0|3|2|5|0|1|0|;17;-0.2
56|2|3|1|14|4|0|0|0|0|2|5|0|1|0|;4;-0.2
56|2|3|1|9|4|0|0|0|5|5|5|0|1|0|;8;-0.399
56|2|3|7|10|0|2|1|0|3|2|5|0|1|0|;2;-0.2
56|2|4|1|14|4|0|0|0|0|2|5|0|1|0|;8;-0.2
56|2|4|1|14|4|0|0|0|5|5|5|0|1|0|;16;-0.2
56|2|4|1|9|4|0|0|0|5|5|5|0|1|0|;4;-0.2
56|3|0|2|10|0|2|3|0|3|1|7|0|1|0|;1;-0.2
56|3|0|2|10|0|2|3|0|3|1|7|0|1|0|;15;9.9
56|3|0|2|10|0|2|3|0|3|1|7|0|1|0|;16;-0.2
56|3|1|1|11|4|1|3|0|3|2|7|0|1|0|;2;-0.2
56|3|3|1|14|4|0|0|0|0|2|8|0|1|0|;16;-0.2
56|3|3|1|9|4|0|0|0|0|2|8|0|1|0|;2;-0.2
82|0|1|11|14|4|0|0|0|3|8|6|0|1|0|;16;-0.2
82|0|1|11|9|4|0|0|0|3|8|6|0|1|0|;2;-0.2
82|0|2|11|11|4|0|0|0|1|8|4|0|1|0|;3;-0.2
82|0|2|11|11|4|1|1|0|0|8|4|0|1|0|;15;28.81
82|0|2|11|14|4|0|0|0|1|8|4|0|1|0|;8;-0.2
82|0|3|11|14|4|0|0|0|2|8|5|0|1|0|;5;-0.2
82|0|3|11|9|4|0|0|0|2|8|5|0|1|0|;4;-0.2
82|0|3|5|14|4|2|2|0|5|8|7|0|1|0|;6;-0.2
82|1|0|11|11|4|2|3|0|3|1|6|0|1|0|;6;-0.2
82|1|0|11|11|4|2|3|0|3|1|6|0|1|0|;16;-0.2
82|1|0|11|9|4|0|0|0|7|4|6|0|1|0|;4;9.9
82|1|0|11|9|4|2|3|0|3|1|6|0|1|0|;17;-0.2
82|1|1|11|11|4|1|7|0|7|2|6|0|1|0|;4;-0.2
82|1|1|11|11|4|2|3|0|3|2|6|0|1|0|;8;-0.2
82|1|1|11|14|4|0|0|0|3|2|6|0|1|0|;3;-0.2
82|1|1|11|9|4|1|7|0|3|2|6|0|1|0|;6;-0.2
82|1|1|11|9|4|2|3|0|3|2|6|0|1|0|;15;18.81
82|1|1|11|9|4|2|3|0|3|2|6|0|1|0|;17;-0.2
82|1|2|11|11|4|1|3|0|3|2|4|0|1|0|;5;-0.2
82|1|2|11|11|4|2|1|0|3|2|4|0|1|0|;16;-0.2
82|1|2|11|14|4|0|0|0|1|2|4|0|1|0|;8;-0.2
82|1|2|11|9|4|0|0|0|1|2|4|0|1|0|;4;-0.2
82|1|2|11|9|4|0|0|0|1|2|4|0|1|0|;6;-0.2
82|1|2|11|9|4|2|1|0|3|2|4|0|1|0|;7;-0.2
82|1|2|2|14|4|2|2|0|4|2|3|0|1|0|;16;-0.2
82|1|2|2|9|4|2|2|0|4|2|3|0|1|0|;2;-0.2
82|1|3|11|11|4|0|0|0|8|5|5|0|1|0|;1;-0.2
82|1|3|11|11|4|1|1|0|3|2|5|0|1|0|;5;-0.2
82|1|3|11|11|4|1|1|0|3|2|5|0|1|0|;7;-0.2
82|1|3|11|11|4|1|2|0|0|2|5|0|1|0|;2;-0.2
82|1|3|11|14|4|0|0|0|2|2|5|0|1|0|;1;-0.2
82|1|3|11|9|4|0|0|0|2|2|5|0|1|0|;8;-0.399
82|1|3|11|9|4|2|2|0|3|2|5|0|1|0|;5;-0.2
82|1|3|9|14|4|2|8|0|5|5|6|0|1|0|;4;-0.2
82|1|4|11|11|4|1|2|0|0|2|5|0|1|0|;8;-0.2
82|1|4|11|11|4|1|2|0|1|2|5|0|1|0|;9;0.9
82|1|4|11|14|4|2|2|0|5|5|4|0|1|0|;2;-0.2
82|1|4|11|9|4|0|0|0|8|5|5|0|1|0|;5;-0.2
82|1|4|11|9|4|2|2|0|5|5|4|0|1|0|;17;-0.2
82|1|4|5|14|4|2|2|0|5|2|1|0|1|0|;4;-0.2
82|2|0|11|11|4|1|3|0|3|1|6|0|1|0|;3;-0.2
82|2|0|11|11|4|2|3|0|3|1|6|0|1|0|;4;-0.2
82|2|0|11|9|4|2|3|0|3|1|6|0|1|0|;7;-0.2
82|2|1|11|11|4|1|3|0|3|2|6|0|1|0|;4;-0.2
82|2|1|11|11|4|1|3|0|3|2|6|0|1|0|;5;-0.2
82|2|1|11|11|4|1|3|0|3|2|6|0|1|0|;7;-0.2
82|2|1|11|11|4|1|7|0|3|2|6|0|1|0|;9;0.9
82|2|1|11|11|4|1|7|0|3|2|6|0|1|0|;16;-0.2
82|2|1|11|11|4|2|3|0|3|2|6|0|1|0|;3;-0.2
82|2|1|11|11|4|2|3|0|3|2|6|0|1|0|;5;-0.2
82|2|1|11|9|4|1|7|0|3|2|6|0|1|0|;1;-0.2
82|2|1|11|9|4|2|3|0|3|2|6|0|1|0|;1;-0.2
82|2|2|11|11|4|1|3|0|3|2|4|0|1|0|;1;-0.2
82|2|2|11|11|4|1|3|0|3|2|4|0|1|0|;3;-0.38
82|2|2|11|14|4|0|0|0|1|2|4|0|1|0|;6;-0.2
82|2|2|11|9|4|0|0|0|1|2|4|0|1|0|;3;-0.219
82|2|2|11|9|4|1|3|0|3|2|4|0|1|0|;6;-0.2
82|2|2|11|9|4|2|1|0|3|2|4|0|1|0|;5;-0.2
82|2|2|2|14|4|2|8|0|4|2|3|0|1|0|;1;-0.2
82|2|3|11|11|4|0|0|0|5|5|5|0|1|0|;16;-0.2
82|2|3|11|11|4|1|2|0|3|2|5|0|1|0|;8;-0.2
82|2|3|11|14|4|0|0|0|2|2|5|0|1|0|;8;-0.2
82|2|3|11|14|4|2|8|0|5|5|6|0|1|0|;16;-0.2
82|2|3|11|9|4|0|0|0|2|2|5|0|1|0|;7;-0.2
82|2|3|11|9|4|0|0|0|5|5|5|0|1|0|;7;-0.2
82|2|3|9|14|4|2|5|0|5|5|6|0|1|0|;4;-0.2
82|2|3|9|9|4|2|5|0|5|5|6|0|1|0|;17;-0.2
82|2|4|11|14|4|0|0|0|2|2|5|0|1|0|;2;-0.2
82|2|4|11|14|4|0|0|0|2|2|5|0|1|0|;8;-0.2
82|2|4|11|9|4|0|0|0|2|2|5|0|1|0|;17;-0.2
82|2|4|11|9|4|0|0|0|5|5|5|0|1|0|;4;-0.2
82|2|4|4|9|4|2|8|0|5|2|1|0|1|0|;5;-0.2
82|2|4|5|14|4|2|8|0|5|2|1|0|1|0|;16;-0.2
82|3|0|11|11|4|1|3|0|3|1|7|0|1|0|;1;-0.2
82|3|0|11|11|4|1|3|0|3|1|7|0|1|0|;3;-0.2
82|3|0|11|11|4|1|3|0|3|1|7|0|1|0|;7;-0.2
82|3|0|11|11|4|2|3|0|3|1|7|0|1|0|;3;-0.2
82|3|0|11|11|4|2|3|0|3|1|7|0|1|0|;16;-0.2
82|3|0|11|9|4|1|3|0|3|1|7|0|1|0|;17;-0.2
82|3|0|11|9|4|2|3|0|3|1|7|0|1|0|;7;-0.2
82|3|0|11|9|4|2|3|0|3|1|7|0|1|0|;15;19.9
82|3|1|11|11|4|1|3|0|3|2|7|0|1|0|;2;-0.2
82|3|1|11|11|4|1|3|0|3|2|7|0|1|0|;8;-0.2
82|3|1|11|9|4|2|3|0|3|2|7|0|1|0|;2;-0.2
82|3|1|11|9|4|2|3|0|3|2|7|0|1|0|;8;-0.2
82|3|3|11|11|4|1|2|0|3|2|8|0|1|0|;1;-0.2
82|3|3|11|14|4|0|0|0|2|2|8|0|1|0|;3;-0.219
82|3|3|11|9|4|1|1|0|3|2|8|0|1|0|;15;9.9
82|3|3|11|9|4|1|2|0|3|2|8|0|1|0|;17;-0.2
82|3|3|4|14|4|2|2|0|8|2|3|0|1|0|;2;-0.2
82|3|3|4|9|4|2|2|0|8|2|3|0|1|0|;17;-0.2
87|0|1|10|10|0|1|5|0|0|8|6|0|1|0|;4;-0.2
87|0|1|10|10|0|1|5|0|0|8|6|0|1|0|;5;-0.2
87|0|1|10|10|0|1|5|0|0|8|6|0|1|0|;6;-0.542
87|0|1|10|10|0|1|5|0|0|8|6|0|1|0|;16;-0.2
87|0|1|10|10|0|1|6|0|0|7|6|0|1|0|;8;-0.2
87|0|1|2|10|0|0|0|0|5|8|6|0|1|0|;8;9.9
87|0|1|6|10|0|1|5|0|4|8|6|0|1|0|;4;-0.2
87|0|2|10|10|0|1|5|0|0|8|4|0|1|0|;5;-0.2
87|0|2|10|10|0|1|6|0|0|7|6|0|1|0|;4;-0.2
87|0|2|10|10|0|1|6|0|0|7|6|0|1|0|;7;-0.2
87|0|2|2|10|0|0|0|0|5|8|4|0|1|0|;8;-0.2
87|0|2|2|10|0|1|5|0|0|8|4|0|1|0|;15;19.9
87|0|2|6|10|0|1|5|0|5|8|4|0|1|0|;8;-0.2
87|0|2|6|10|0|1|5|0|5|8|4|0|1|0|;16;-0.2
87|0|4|1|13|0|2|1|0|0|8|5|0|1|0|;5;-0.219
87|1|0|10|10|0|1|4|0|0|1|6|0|1|0|;8;-0.2
87|1|0|10|10|0|1|4|0|6|1|6|0|1|0|;7;-0.2
87|1|1|10|10|0|1|5|0|0|2|6|0|1|0|;1;-0.2
87|1|1|10|10|0|1|5|0|0|2|6|0|1|0|;6;-0.38
87|1|1|10|10|0|1|5|0|0|2|6|0|1|0|;7;-0.2
87|1|1|10|10|0|1|5|0|0|2|6|0|1|0|;15;9.9
87|1|1|10|10|0|1|5|0|0|2|6|0|1|0|;17;-0.2
87|1|1|10|10|0|1|5|0|4|2|6|0|1|0|;17;-0.2
87|1|1|10|10|0|1|6|0|0|3|6|0|1|0|;8;-0.2
87|1|1|2|10|0|1|5|0|0|2|6|0|1|0|;3;-0.2
87|1|1|6|10|0|1|5|0|0|2|6|0|1|0|;15;9.9
87|1|1|6|10|0|1|5|0|4|2|6|0|1|0|;3;-0.2
87|1|1|6|10|0|1|5|0|4|2|6|0|1|0|;9;0.9
87|1|2|10|10|0|1|5|0|0|2|4|0|1|0|;1;-0.2
87|1|2|10|10|0|1|5|0|0|2|4|0|1|0|;2;-0.542
87|1|2|10|10|0|1|5|0|0|2|4|0|1|0|;8;-0.2
87|1|2|10|10|0|1|5|0|0|2|4|0|1|0|;17;-0.2
87|1|2|10|10|0|1|6|0|0|3|6|0|1|0|;1;-0.2
87|1|2|10|10|0|1|6|0|0|3|6|0|1|0|;4;-0.2
87|1|2|10|10|0|1|6|0|0|3|6|0|1|0|;6;0.46645
87|1|2|10|10|0|1|8|0|0|2|4|0|1|0|;2;-0.2
87|1|2|2|10|0|2|1|0|3|2|4|0|1|0|;6;-0.2
87|1|2|2|13|0|2|1|0|3|2|4|0|1|0|;16;-0.2
87|1|3|1|13|0|2|1|0|0|2|5|0|1|0|;3;-0.400805
87|1|3|2|10|0|2|1|0|0|2|5|0|1|0|;17;-0.2
87|1|3|2|10|0|2|1|0|3|2|5|0|1|0|;9;0.9
87|1|3|2|13|0|2|1|0|3|2|5|0|1|0|;4;-0.2
87|1|4|2|10|0|2|2|0|1|2|5|0|1|0|;8;-0.2
87|1|4|2|13|0|2|1|0|1|2|5|0|1|0|;16;-0.2
87|2|0|2|10|0|2|3|0|3|1|6|0|1|0|;17;-0.2
87|2|0|2|13|0|2|3|0|3|1|6|0|1|0|;6;-0.2
87|2|1|10|10|0|1|7|0|0|3|6|0|1|0|;2;-0.2
87|2|1|10|10|0|1|7|0|0|3|6|0|1|0|;5;-0.2
87|2|1|10|10|0|1|7|0|0|3|6|0|1|0|;15;9.9
87|2|1|10|10|0|1|7|0|0|3|6|0|1|0|;16;0.7405
87|2|1|10|10|0|1|7|0|7|3|6|0|1|0|;3;-0.2
87|2|2|10|10|0|1|2|0|0|2|4|0|1|0|;1;-0.2
87|2|2|10|10|0|1|2|0|0|2|4|0|1|0|;16;-0.2
87|2|2|10|10|0|1|7|0|0|3|6|0|1|0|;1;-0.2
87|2|2|10|10|0|1|7|0|0|3|6|0|1|0|;6;-0.38
87|2|2|10|10|0|1|8|0|0|2|4|0|1|0|;1;-0.2
87|2|2|10|10|0|1|8|0|0|2|4|0|1|0|;2;-0.2
87|2|2|2|10|0|2|3|0|3|2|4|0|1|0|;5;-0.2
87|2|2|2|13|0|2|3|0|3|2|4|0|1|0|;3;-0.2
87|2|3|2|10|0|1|1|0|3|2|5|0|1|0|;15;9.9
87|2|3|2|10|0|1|1|0|3|2|5|0|1|0|;17;-0.2
87|2|3|2|10|0|2|1|0|3|2|5|0|1|0|;17;-0.2
87|2|3|2|13|0|1|1|0|3|2|5|0|1|0|;6;-0.2
87|2|3|2|13|0|1|3|0|3|2|5|0|1|0|;7;-0.2
87|2|3|2|13|0|2|1|0|3|2|5|0|1|0|;3;-0.2
87|2|3|2|13|0|2|1|0|3|2|5|0|1|0|;16;-0.2
87|2|3|2|13|0|2|2|0|3|2|5|0|1|0|;2;-0.2
87|2|4|2|13|0|1|1|0|1|2|5|0|1|0|;4;-0.2
87|2|4|2|13|0|2|2|0|1|2|5|0|1|0|;8;-0.2
87|3|0|10|10|0|1|1|0|0|1|7|0|1|0|;2;-0.2
87|3|0|2|10|0|2|3|0|3|1|7|0|1|0|;1;-0.2
87|3|1|10|10|0|1|3|0|0|3|7|0|1|0|;2;-0.38
87|3|1|10|10|0|1|3|0|0|3|7|0|1|0|;7;-0.2
87|3|1|2|10|0|2|3|0|3|2|7|0|1|0|;8;-0.2
87|3|1|2|10|0|2|3|0|3|2|7|0|1|0|;15;9.9
87|3|1|2|13|0|2|1|0|3|2|7|0|1|0|;3;-0.2
87|3|2|10|10|0|1|3|0|0|3|7|0|1|0|;7;-0.2
87|3|4|2|13|0|1|1|0|1|2|8|0|1|0|;1;-0.2
87|3|4|2|13|0|2|1|0|1|2|8|0|1|0|;2;-0.2
